group,minute,time,nxt_es_bp,krx_es_bp,codes,stock_days,min_days_per_code,max_days_per_code,delta_es_bp
ALL,540,09:00,59.7570419799909,46.68761808837079,644,44941,5,84,13.069423891620112
ALL,541,09:01,61.72344237134198,40.905875566437686,644,43756,1,84,20.817566804904295
ALL,542,09:02,58.21141229090468,36.404573497648464,644,42509,1,84,21.80683879325622
ALL,543,09:03,54.488459570301096,34.11552481855486,644,42857,1,84,20.372934751746236
ALL,544,09:04,50.81004244406329,32.12968293811243,644,42286,2,84,18.68035950595086
ALL,545,09:05,49.053773937303006,30.803115324510678,643,42801,1,84,18.25065861279233
ALL,546,09:06,47.04844657671237,29.975145000265822,644,42481,2,84,17.07330157644655
ALL,547,09:07,45.177971527496645,28.59966081039506,643,41960,3,84,16.578310717101584
ALL,548,09:08,43.50593376464065,27.94110966570822,644,41644,1,84,15.564824098932434
ALL,549,09:09,42.83164708110965,27.168190771310314,644,41492,1,84,15.663456309799336
ALL,550,09:10,42.91259989317568,27.236029152594767,643,42017,2,84,15.676570740580914
ALL,551,09:11,43.30811836838949,26.612847751921095,643,41926,2,84,16.6952706164684
ALL,552,09:12,42.77328297830931,26.04712283229531,643,41686,1,84,16.726160146014
ALL,553,09:13,42.36570045422207,25.8237581441211,644,41385,1,84,16.54194231010097
ALL,554,09:14,41.4909425457034,25.095708622073797,644,41113,1,84,16.3952339236296
ALL,555,09:15,40.87104481420093,24.98926836591299,644,41311,1,84,15.881776448287937
ALL,556,09:16,40.7221726743241,25.13822949534512,644,41177,1,84,15.58394317897898
ALL,557,09:17,40.26945300007104,24.80053260346377,644,40831,1,84,15.46892039660727
ALL,558,09:18,39.17798427621179,24.518461970560203,643,40601,2,84,14.659522305651585
ALL,559,09:19,38.113254678152096,24.15972880604459,643,40459,2,84,13.953525872107505
ALL,560,09:20,39.01873783556375,23.738758481650176,643,41102,2,84,15.279979353913571
ALL,561,09:21,37.81596719711459,23.515381524828683,643,40396,1,84,14.300585672285905
ALL,562,09:22,37.051540096719464,23.10400669506598,644,40213,2,84,13.947533401653484
ALL,563,09:23,37.501652795736916,22.812631221701004,644,40304,1,84,14.689021574035912
ALL,564,09:24,37.14598833683747,22.895951628918386,643,39978,4,84,14.250036707919083
ALL,565,09:25,36.65117510563183,22.677228626370496,643,40173,3,84,13.973946479261333
ALL,566,09:26,36.79991615500643,22.33127289910034,644,39738,1,84,14.468643255906088
ALL,567,09:27,35.95642216081492,22.616165343212238,644,39895,1,84,13.340256817602679
ALL,568,09:28,35.78533590060617,22.33157687227229,644,39394,1,84,13.45375902833388
ALL,569,09:29,35.73839433278201,21.956612293532697,643,39215,2,84,13.781782039249311
ALL,570,09:30,35.52566515699485,22.32532139410864,643,40440,4,84,13.200343762886206
ALL,571,09:31,35.23678200002152,22.266254150577996,643,39928,2,84,12.970527849443524
ALL,572,09:32,35.56393799235686,22.060539287337384,643,39661,1,84,13.503398705019478
ALL,573,09:33,35.50555696032041,22.004887307731437,644,39667,2,84,13.500669652588975
ALL,574,09:34,36.025538831555444,21.994754936217863,644,39541,1,84,14.030783895337581
ALL,575,09:35,34.54461209100017,22.06461303698571,642,39477,2,84,12.47999905401446
ALL,576,09:36,34.833362789399814,21.840089686919672,643,39501,2,84,12.993273102480142
ALL,577,09:37,34.47656524597568,21.492658835404534,643,39217,3,84,12.983906410571144
ALL,578,09:38,34.76095302681191,21.289924158003526,643,39128,2,84,13.471028868808386
ALL,579,09:39,34.2817273345346,21.58260849582073,642,39224,2,84,12.699118838713872
ALL,580,09:40,34.79816088164312,21.146904536515763,643,39238,1,84,13.651256345127358
ALL,581,09:41,34.05623632165445,20.8977239389338,643,39002,1,84,13.158512382720652
ALL,582,09:42,33.82237665003861,21.012777579666885,643,38805,2,84,12.809599070371728
ALL,583,09:43,34.20498519668365,20.760069364041005,644,39096,1,84,13.444915832642646
ALL,584,09:44,33.64246230249179,20.702908828965207,643,38504,1,84,12.939553473526587
ALL,585,09:45,33.34333450655634,20.545920808969615,644,38729,1,84,12.797413697586723
ALL,586,09:46,33.15526234742784,20.554099105827543,644,38513,1,84,12.6011632416003
ALL,587,09:47,33.81949882386144,20.62867651027093,644,38292,2,84,13.190822313590505
ALL,588,09:48,32.657952400369524,20.437577174426877,643,38457,2,84,12.220375225942647
ALL,589,09:49,33.06314162792793,20.26085553081008,644,38050,1,84,12.802286097117854
ALL,590,09:50,33.329647340482055,20.269302003317673,643,38519,1,84,13.060345337164382
ALL,591,09:51,32.26206446332989,20.17744188814377,643,38089,1,84,12.084622575186124
ALL,592,09:52,32.117431189726815,20.176686275210713,642,38124,1,84,11.940744914516102
ALL,593,09:53,32.58243567260795,20.10926104956023,643,37966,2,84,12.473174623047719
ALL,594,09:54,32.00703612026175,20.077639244332968,643,38122,2,84,11.929396875928784
ALL,595,09:55,32.5912451673185,20.445412236342968,643,38233,1,84,12.14583293097553
ALL,596,09:56,32.3453329796995,20.507578143142762,644,37852,1,84,11.837754836556737
ALL,597,09:57,32.452623637199046,20.358030490097704,644,37827,1,84,12.094593147101342
ALL,598,09:58,32.95003884340529,20.645153752371222,643,37727,2,84,12.304885091034066
ALL,599,09:59,31.762642070174362,20.47946053344471,644,37386,1,84,11.283181536729654
ALL,600,10:00,32.931178275813885,21.020531107849376,643,38680,1,84,11.910647167964509
ALL,601,10:01,33.08394432891655,20.924995008886597,643,37607,1,84,12.158949320029954
ALL,602,10:02,32.879526573707444,20.803525506670045,643,37506,1,84,12.0760010670374
ALL,603,10:03,33.2184299008645,20.617884838211797,644,37371,1,84,12.600545062652703
ALL,604,10:04,32.85717791204357,20.58677843457863,642,37857,2,84,12.270399477464938
ALL,605,10:05,33.136660706056254,20.994188202959936,643,37648,1,84,12.142472503096318
ALL,606,10:06,33.66973449892842,20.94308429774688,643,37750,1,84,12.726650201181542
ALL,607,10:07,32.22950384775652,20.425988188386867,644,36846,1,84,11.803515659369651
ALL,608,10:08,32.248217280061674,20.322312587722156,643,36603,1,84,11.925904692339518
ALL,609,10:09,31.83655925631887,20.188238355503618,644,36661,1,84,11.648320900815254
ALL,610,10:10,32.745210584722955,20.216856314287078,643,37147,1,84,12.528354270435877
ALL,611,10:11,32.18279673917834,20.128510346355657,643,36754,1,84,12.054286392822686
ALL,612,10:12,31.95233247977407,19.99416055814177,643,36555,2,84,11.958171921632303
ALL,613,10:13,32.0883314028485,20.129186943474362,644,36157,1,84,11.95914445937414
ALL,614,10:14,31.84527746066486,19.84252229529942,643,36107,3,84,12.00275516536544
ALL,615,10:15,31.477648853370432,20.0195352461338,643,36209,2,84,11.458113607236633
ALL,616,10:16,31.382343751429946,19.93633213698624,643,35883,1,84,11.446011614443705
ALL,617,10:17,31.440298356197403,19.823166102558456,644,35696,1,84,11.617132253638946
ALL,618,10:18,32.20098690060385,19.833691818841015,644,35689,1,84,12.367295081762837
ALL,619,10:19,31.390720025077332,19.751707464326607,643,35544,2,84,11.639012560750725
ALL,620,10:20,32.22612461866631,19.701276738577054,642,35855,3,84,12.524847880089258
ALL,621,10:21,31.65933000398323,19.553904130358017,644,35914,1,84,12.105425873625212
ALL,622,10:22,31.966834498150646,19.631643251226027,644,35552,1,84,12.33519124692462
ALL,623,10:23,32.783901517599325,19.892808177106733,644,35809,1,84,12.891093340492592
ALL,624,10:24,31.579255192033337,19.710891835441117,642,35338,1,84,11.86836335659222
ALL,625,10:25,32.40480919326169,19.595121609130736,643,35452,1,84,12.809687584130955
ALL,626,10:26,32.06819032385506,19.81461826067623,643,35466,1,84,12.253572063178833
ALL,627,10:27,31.932307948883324,19.872955518530617,643,35500,1,84,12.059352430352707
ALL,628,10:28,31.43937126691184,19.693909645043846,642,35249,2,84,11.745461621867996
ALL,629,10:29,31.187390595668358,19.831459443515666,643,35037,2,84,11.355931152152692
ALL,630,10:30,32.45126397359339,19.932993768961442,643,36482,3,84,12.51827020463195
ALL,631,10:31,32.0212467608383,19.797227765952805,642,35724,1,84,12.224018994885498
ALL,632,10:32,32.09993222813293,19.85818584357142,643,35641,1,84,12.241746384561509
ALL,633,10:33,32.41901838694808,19.697654540686795,643,35597,1,84,12.721363846261287
ALL,634,10:34,32.17059516741569,19.734445506568054,642,35217,2,84,12.436149660847637
ALL,635,10:35,32.03921034850128,19.936973490342844,643,35240,2,84,12.102236858158435
ALL,636,10:36,32.06503518490831,20.138204672085106,643,35179,1,84,11.926830512823205
ALL,637,10:37,31.302177569047966,19.884621770875047,643,34967,3,84,11.41755579817292
ALL,638,10:38,31.7178067228232,19.78511032141951,643,35017,1,84,11.932696401403692
ALL,639,10:39,31.11224052916973,19.691466330758,643,34547,1,84,11.420774198411728
ALL,640,10:40,31.16445409206771,19.74038058497806,642,34994,1,84,11.424073507089652
ALL,641,10:41,31.7266100726201,19.427140975755822,643,34686,1,84,12.299469096864279
ALL,642,10:42,31.181945419663965,19.641626161037077,643,34664,1,84,11.540319258626887
ALL,643,10:43,31.017624831930284,19.636552941731406,643,34701,1,84,11.381071890198879
ALL,644,10:44,31.564431902106193,19.749692590378853,641,34731,2,84,11.81473931172734
ALL,645,10:45,31.76527982537069,19.857892149495832,644,34995,1,84,11.907387675874858
ALL,646,10:46,31.69599610374586,19.816850465923753,642,34795,2,84,11.879145637822106
ALL,647,10:47,31.41124079047087,19.72084581643575,642,34803,2,84,11.690394974035119
ALL,648,10:48,32.09850661222564,19.739959824473942,644,34693,2,84,12.358546787751699
ALL,649,10:49,31.06986448463424,19.84042818151076,641,34839,1,84,11.229436303123482
ALL,650,10:50,31.769987938369965,19.780640191284082,643,35604,1,84,11.989347747085883
ALL,651,10:51,31.790479641100514,19.48640260042505,643,34817,1,84,12.304077040675466
ALL,652,10:52,31.840657850286988,19.254037150176533,644,34902,1,84,12.586620700110455
ALL,653,10:53,31.780551849570045,19.337392258107105,643,34646,2,84,12.44315959146294
ALL,654,10:54,30.913300862270635,19.168843203699964,643,34489,2,84,11.74445765857067
ALL,655,10:55,31.10885574937033,19.763280914553786,643,34618,1,84,11.345574834816546
ALL,656,10:56,31.273731024164142,19.522588490427754,643,34325,1,84,11.751142533736388
ALL,657,10:57,31.69509996209948,19.654831706513253,643,34483,1,84,12.040268255586227
ALL,658,10:58,30.928610644818402,19.323612364100338,643,34263,1,84,11.604998280718064
ALL,659,10:59,30.98300696055397,19.460854406859994,642,34365,1,84,11.522152553693974
ALL,660,11:00,31.63362667298424,20.106012234316857,642,35398,1,84,11.527614438667381
ALL,661,11:01,32.10099397039217,19.809131607045185,643,34729,1,84,12.291862363346983
ALL,662,11:02,31.54529155749669,19.445387404283274,643,34086,1,84,12.099904153213416
ALL,663,11:03,32.24850410121828,19.572180298491677,643,34151,1,84,12.676323802726603
ALL,664,11:04,31.946216886175936,19.512335984024315,643,34248,2,84,12.433880902151621
ALL,665,11:05,31.95104865183311,19.740413684830674,643,34310,1,84,12.210634967002434
ALL,666,11:06,31.116192331323735,19.78448289967879,643,33715,1,84,11.331709431644946
ALL,667,11:07,30.71019518730376,19.32034524605198,642,33646,2,84,11.389849941251782
ALL,668,11:08,30.413936959260667,19.60043814201978,643,33420,1,84,10.813498817240887
ALL,669,11:09,30.89119516211959,19.218254022942173,642,33375,1,84,11.672941139177418
ALL,670,11:10,30.324119551669597,19.335863875038346,643,33945,3,84,10.988255676631251
ALL,671,11:11,30.770885955301285,19.023542024017793,642,33374,1,84,11.747343931283492
ALL,672,11:12,30.179455770692623,19.309763429760153,641,33368,2,84,10.86969234093247
ALL,673,11:13,30.455328715133284,19.096051864559975,643,33126,1,84,11.359276850573309
ALL,674,11:14,29.298833294536742,19.25913084349103,642,33070,1,84,10.039702451045713
ALL,675,11:15,30.197367118165523,19.422794524721724,643,33316,1,84,10.7745725934438
ALL,676,11:16,30.67696743458209,19.537701848063293,644,33404,1,84,11.139265586518796
ALL,677,11:17,30.184645458591834,19.3505527403364,641,32971,2,84,10.834092718255434
ALL,678,11:18,29.872472577051425,19.20975301960245,643,32953,1,84,10.662719557448977
ALL,679,11:19,29.877956637709516,19.328828854850734,642,32832,1,84,10.549127782858783
ALL,680,11:20,30.325301920018386,19.287213364029537,644,33249,1,84,11.03808855598885
ALL,681,11:21,30.52597844281705,19.145921134808937,643,32993,1,84,11.380057308008112
ALL,682,11:22,29.805803445724614,19.117840080922612,643,32267,1,84,10.687963364802002
ALL,683,11:23,30.368198039123325,19.064967026968727,643,32516,1,84,11.303231012154598
ALL,684,11:24,29.80108172714158,19.140786777318457,641,32363,1,84,10.660294949823122
ALL,685,11:25,29.46256405028873,18.944639079392996,643,32527,1,84,10.517924970895734
ALL,686,11:26,30.634306149606356,19.422820417346838,642,32756,1,84,11.211485732259518
ALL,687,11:27,31.145905633229976,19.304108233700738,641,32393,2,84,11.841797399529238
ALL,688,11:28,29.626996080091956,19.000133402867693,642,32147,1,84,10.626862677224263
ALL,689,11:29,29.686289900352836,19.033034711403097,642,31852,1,84,10.653255188949739
ALL,690,11:30,30.29617401108298,19.346170261205256,642,32635,1,84,10.950003749877723
ALL,691,11:31,30.24316138082086,18.987507992473084,642,31927,1,84,11.255653388347778
ALL,692,11:32,30.954859610986652,18.89316075578751,641,32097,1,84,12.061698855199143
ALL,693,11:33,30.577385594201644,19.36003262598024,644,31841,1,84,11.217352968221405
ALL,694,11:34,30.26960991384248,19.061440922212643,643,31688,1,84,11.208168991629837
ALL,695,11:35,30.125843533239845,19.11456296625857,643,32034,1,84,11.011280566981274
ALL,696,11:36,30.47899524216843,19.07212259366357,642,31727,1,84,11.406872648504862
ALL,697,11:37,30.222058218093267,18.83557058646324,642,31297,1,84,11.386487631630025
ALL,698,11:38,29.362991634558153,18.99423748028339,642,31239,1,84,10.368754154274761
ALL,699,11:39,29.21619669400668,18.9004224924578,644,31344,1,84,10.31577420154888
ALL,700,11:40,29.76280423813092,19.042165339028543,642,31686,1,84,10.720638899102376
ALL,701,11:41,30.233653458209172,18.860947561902076,642,31513,2,84,11.372705896307096
ALL,702,11:42,30.185905771028473,18.697921958720038,642,31302,2,84,11.487983812308435
ALL,703,11:43,29.665448212554825,18.882023027029685,643,31103,1,84,10.78342518552514
ALL,704,11:44,29.69648951100446,18.903744927514065,642,31073,1,84,10.792744583490396
ALL,705,11:45,30.143313102473165,18.92846474217122,642,31623,1,84,11.214848360301946
ALL,706,11:46,29.93090059430051,19.007104406438373,643,31368,1,84,10.923796187862138
ALL,707,11:47,28.760987356622923,18.9606049483329,642,31328,1,84,9.800382408290023
ALL,708,11:48,29.32094369783271,18.86284277429787,643,31351,1,84,10.45810092353484
ALL,709,11:49,29.85051337651694,18.960487164223935,643,31382,2,84,10.890026212293005
ALL,710,11:50,30.281396101297798,18.931089578054173,642,31302,1,84,11.350306523243624
ALL,711,11:51,29.164564018294893,18.611472620296016,642,30789,1,84,10.553091397998877
ALL,712,11:52,30.483301261783353,18.826266442668846,643,31482,1,84,11.657034819114507
ALL,713,11:53,30.1665205565796,18.749246111568812,643,31085,1,84,11.417274445010786
ALL,714,11:54,29.19547865210134,18.523173114409747,642,30592,1,84,10.672305537691592
ALL,715,11:55,29.22580220726165,18.97239323535078,643,30814,1,84,10.253408971910872
ALL,716,11:56,29.238205091261495,18.942887772896682,643,30632,1,84,10.295317318364813
ALL,717,11:57,28.937742331045097,18.701666337932146,642,30431,1,84,10.236075993112951
ALL,718,11:58,29.634816084981072,18.798201262169616,642,30710,2,84,10.836614822811455
ALL,719,11:59,29.62166198170862,18.968017281565725,642,30496,2,84,10.653644700142895
ALL,720,12:00,30.16715443889575,19.235233407911238,643,31548,1,84,10.931921030984512
ALL,721,12:01,30.98813285018762,18.804698323006317,644,30586,1,84,12.183434527181301
ALL,722,12:02,30.065074866797723,18.833830779159065,642,30639,1,84,11.231244087638657
ALL,723,12:03,30.097106100395504,18.696343017761997,643,30546,1,84,11.400763082633507
ALL,724,12:04,30.806007812460084,19.00765701342208,642,30227,1,84,11.798350799038005
ALL,725,12:05,30.17519041029425,18.830250887040876,643,30563,1,84,11.344939523253373
ALL,726,12:06,29.350906456749275,18.868380743636624,641,30602,1,84,10.48252571311265
ALL,727,12:07,29.488546132708333,18.952668243941904,644,30627,1,84,10.535877888766429
ALL,728,12:08,29.247199908802127,18.932836989520744,641,30398,2,84,10.314362919281383
ALL,729,12:09,29.421339246440976,18.878162305154905,642,30518,1,84,10.54317694128607
ALL,730,12:10,29.558045653913542,18.92404620756594,642,30385,1,83,10.633999446347602
ALL,731,12:11,29.81001823741785,18.85887239643343,642,29954,1,83,10.95114584098442
ALL,732,12:12,29.64622322704368,18.94505551551212,640,30048,2,83,10.70116771153156
ALL,733,12:13,29.563102145628914,18.587214912721404,642,30073,2,83,10.97588723290751
ALL,734,12:14,29.39855714605884,18.748611262604815,643,29831,1,83,10.649945883454027
ALL,735,12:15,29.60092110413005,18.891547652600504,643,30498,1,83,10.709373451529547
ALL,736,12:16,29.776459213031025,18.711370470181556,642,30197,1,83,11.065088742849468
ALL,737,12:17,29.269640194338628,18.505943716836278,642,30348,1,83,10.76369647750235
ALL,738,12:18,28.736417520930562,18.57281312631813,641,29917,1,83,10.163604394612431
ALL,739,12:19,28.459002593416123,18.53120467879007,642,29970,2,83,9.927797914626055
ALL,740,12:20,28.918760811850657,18.472736466438526,641,30553,2,83,10.44602434541213
ALL,741,12:21,28.837078974834412,18.40865785448235,643,30145,1,83,10.428421120352063
ALL,742,12:22,28.48073785432626,18.39474646704302,642,29841,1,83,10.08599138728324
ALL,743,12:23,28.496950447214168,18.55933370072824,643,30084,1,83,9.93761674648593
ALL,744,12:24,29.041696452392273,18.335016906091692,642,29900,1,83,10.706679546300581
ALL,745,12:25,28.098215752205462,18.72807296529005,642,29912,1,83,9.370142786915412
ALL,746,12:26,27.742482563278426,18.555141540178646,642,30134,1,83,9.18734102309978
ALL,747,12:27,28.1704823088087,18.77997885851917,641,30210,2,83,9.390503450289533
ALL,748,12:28,27.6190362836145,18.693500123204778,640,30391,2,83,8.92553616040972
ALL,749,12:29,28.18330779928965,18.878937554885876,643,30243,1,83,9.304370244403774
ALL,750,12:30,29.338173771241145,18.921354613102604,642,31205,1,83,10.41681915813854
ALL,751,12:31,28.574624858698627,18.528447295439896,643,30327,1,83,10.04617756325873
ALL,752,12:32,28.47133071641018,18.65064219964358,643,30565,1,83,9.820688516766598
ALL,753,12:33,28.51810282644158,18.380484178528786,643,30506,1,83,10.137618647912795
ALL,754,12:34,28.446632890718465,18.60464243794637,642,30196,1,83,9.841990452772094
ALL,755,12:35,28.157464754086526,18.541637222794467,643,30218,1,83,9.615827531292059
ALL,756,12:36,28.20236049695512,18.380575086656098,643,30185,1,83,9.821785410299022
ALL,757,12:37,27.998623863052714,18.362960856007206,643,30174,2,83,9.635663007045508
ALL,758,12:38,27.852392775940427,18.475751732241463,643,30098,1,83,9.376641043698964
ALL,759,12:39,28.087147630420805,18.367902413671786,643,29886,1,83,9.71924521674902
ALL,760,12:40,27.597455348816588,18.77940952579262,641,30398,1,83,8.818045823023969
ALL,761,12:41,28.580439819502466,18.809209992548862,642,30808,1,83,9.771229826953604
ALL,762,12:42,28.31054507274332,18.633577028456067,642,30462,1,83,9.676968044287253
ALL,763,12:43,28.69834561133764,18.328861556734278,643,30423,1,83,10.369484054603362
ALL,764,12:44,27.96715728499209,18.425873446973455,642,30612,2,83,9.541283838018636
ALL,765,12:45,28.447515274020667,18.775110048622693,642,30724,1,83,9.672405225397974
ALL,766,12:46,28.421739606748524,18.665696974726334,643,30834,1,83,9.75604263202219
ALL,767,12:47,28.361535031831707,18.67749432883555,643,30489,2,83,9.684040702996157
ALL,768,12:48,27.35470564882697,18.559537845738255,642,30434,1,83,8.795167803088717
ALL,769,12:49,27.72159228937409,18.689985079169933,643,30566,2,83,9.031607210204157
ALL,770,12:50,28.245925506531727,18.900923597942228,642,31076,1,84,9.345001908589499
ALL,771,12:51,27.84779727803775,18.496935285506215,642,30815,2,84,9.350861992531534
ALL,772,12:52,28.748616515065518,18.4459977209621,643,30955,1,84,10.302618794103417
ALL,773,12:53,27.990806591451175,18.39339300479715,643,30649,1,84,9.597413586654024
ALL,774,12:54,27.183976317359956,18.549055883049427,643,30624,1,84,8.63492043431053
ALL,775,12:55,27.668741950950572,18.664652082924167,641,31032,1,84,9.004089868026405
ALL,776,12:56,27.562543064023053,18.29557922117047,642,31021,1,84,9.266963842852583
ALL,777,12:57,27.83810613875984,18.58423078116029,642,30959,1,84,9.25387535759955
ALL,778,12:58,28.36005117137718,18.725538729278565,642,30840,2,84,9.634512442098615
ALL,779,12:59,28.47052587741317,18.63978076750026,642,30932,1,84,9.830745109912911
ALL,780,13:00,28.419169042587978,19.05854202466708,643,31763,1,84,9.360627017920898
ALL,781,13:01,28.615524575180892,18.490013053465503,643,30845,1,84,10.125511521715389
ALL,782,13:02,29.051982587537218,18.37465701964454,643,30876,1,84,10.677325567892677
ALL,783,13:03,29.288688224189798,18.384614814849495,643,31207,1,84,10.904073409340302
ALL,784,13:04,29.114589133174935,18.459356212293088,643,31055,1,84,10.655232920881847
ALL,785,13:05,28.934701103850223,18.762798314063073,643,31750,1,84,10.17190278978715
ALL,786,13:06,29.074637838497665,18.871007557226182,643,31528,1,84,10.203630281271483
ALL,787,13:07,29.28081027993126,18.806521642738524,642,31084,2,84,10.474288637192736
ALL,788,13:08,29.51722973117099,18.79218863230992,642,31384,1,84,10.72504109886107
ALL,789,13:09,29.00320796097625,18.731157119629714,642,31271,1,84,10.272050841346537
ALL,790,13:10,28.841792568789472,18.84576246058805,643,31739,1,84,9.996030108201424
ALL,791,13:11,28.91115847330389,18.369473503485235,643,31204,1,84,10.541684969818654
ALL,792,13:12,29.489342234753533,18.720581449596164,642,31408,1,84,10.768760785157369
ALL,793,13:13,28.832714292812142,18.192059927953803,640,31355,2,84,10.640654364858339
ALL,794,13:14,29.122451983419012,18.497226184022782,643,31387,1,84,10.62522579939623
ALL,795,13:15,29.183471072810008,18.630004841702064,642,31538,1,84,10.553466231107944
ALL,796,13:16,29.435172528761033,18.612842343489394,641,31571,1,84,10.822330185271639
ALL,797,13:17,29.313972551356276,18.629073712838665,642,31275,1,84,10.684898838517611
ALL,798,13:18,28.945446672581905,18.641201249623396,643,31297,1,84,10.304245422958509
ALL,799,13:19,28.977273801620445,18.83997214991136,642,31503,1,84,10.137301651709084
ALL,800,13:20,28.848933498498372,18.75958711095669,642,31703,1,84,10.089346387541681
ALL,801,13:21,29.63186456775099,18.539119010515744,642,31769,2,84,11.092745557235247
ALL,802,13:22,29.237969208788577,18.513364068842804,644,31616,1,84,10.724605139945773
ALL,803,13:23,28.90511136431401,18.664717981212004,643,31660,2,84,10.240393383102006
ALL,804,13:24,28.97726459701987,18.577002743060575,642,31660,2,84,10.400261853959297
ALL,805,13:25,28.89605176549956,18.56221872409785,642,31717,2,84,10.33383304140171
ALL,806,13:26,28.693125690943425,18.435941773440632,643,31960,2,84,10.257183917502793
ALL,807,13:27,29.703519037254352,18.486977081498292,643,31762,1,84,11.21654195575606
ALL,808,13:28,29.350050325194232,18.48617763373268,643,30878,1,84,10.863872691461552
ALL,809,13:29,29.284293511277003,18.606632889309115,641,31193,1,84,10.677660621967888
ALL,810,13:30,29.326946206107372,18.450821832630847,642,31695,1,84,10.876124373476525
ALL,811,13:31,29.33454761933493,18.46076231755399,643,31239,1,84,10.873785301780941
ALL,812,13:32,28.46774995102338,18.424821186938765,641,31337,1,84,10.042928764084614
ALL,813,13:33,28.942101923472663,18.44967055343771,644,31237,1,84,10.492431370034954
ALL,814,13:34,28.341268690584084,18.625165432611084,642,31051,1,84,9.716103257973
ALL,815,13:35,28.472390376756465,18.53243211064581,643,31166,2,84,9.939958266110654
ALL,816,13:36,28.66058098162573,18.721775493816907,643,31227,1,84,9.938805487808825
ALL,817,13:37,28.546758195703127,18.645617279482508,643,31276,1,84,9.90114091622062
ALL,818,13:38,27.758905883342322,18.287055916713424,642,31071,1,84,9.471849966628898
ALL,819,13:39,28.471166954648226,18.40108097388062,642,31124,1,84,10.070085980767605
ALL,820,13:40,28.50013942981618,18.373052196699234,643,31745,1,84,10.127087233116946
ALL,821,13:41,28.372335508702665,18.427482155301377,642,31493,1,84,9.944853353401289
ALL,822,13:42,28.598305843451154,18.32565197810022,644,31395,1,84,10.272653865350936
ALL,823,13:43,28.877521396750492,18.470174670802994,642,31250,1,84,10.407346725947498
ALL,824,13:44,27.985653738965063,18.273567322639515,642,31222,1,84,9.712086416325548
ALL,825,13:45,28.21906344307325,18.561854658136586,642,31610,1,84,9.657208784936664
ALL,826,13:46,28.235466121004126,18.611081339145098,642,31245,1,84,9.624384781859028
ALL,827,13:47,28.742931959612797,18.578526227777576,643,31324,1,84,10.16440573183522
ALL,828,13:48,28.71164853411648,18.31567416354248,643,31117,1,84,10.395974370574002
ALL,829,13:49,28.68368698548421,18.524204423854602,643,31425,1,84,10.15948256162961
ALL,830,13:50,28.592816053510226,18.589719067700823,642,31680,2,84,10.003096985809403
ALL,831,13:51,28.520933501754797,18.358401770227438,642,31620,1,84,10.16253173152736
ALL,832,13:52,28.669788574867308,18.282195072045933,641,31368,3,84,10.387593502821375
ALL,833,13:53,28.328580188933834,18.280600116281946,641,30852,1,84,10.047980072651889
ALL,834,13:54,27.94531234444874,18.400699013132996,643,31446,1,84,9.544613331315745
ALL,835,13:55,28.8104128745135,18.762510308685112,642,31637,1,84,10.047902565828387
ALL,836,13:56,29.09482982358861,18.70104860532462,643,31352,1,84,10.393781218263992
ALL,837,13:57,28.733988005884285,18.757143301426755,641,31509,2,84,9.97684470445753
ALL,838,13:58,27.905804184615473,18.69719503017265,643,31268,1,84,9.208609154442822
ALL,839,13:59,29.127350593259326,18.761310035401845,643,31738,2,84,10.366040557857481
ALL,840,14:00,29.440371156446492,19.106282293661536,643,32706,1,84,10.334088862784956
ALL,841,14:01,28.822010840653803,18.51810425815229,641,31843,3,84,10.303906582501511
ALL,842,14:02,29.173323167052647,18.841320430314575,644,31714,1,84,10.332002736738072
ALL,843,14:03,29.070355250166394,18.519131678864824,642,31610,1,84,10.55122357130157
ALL,844,14:04,29.02851388526415,18.570706705694338,642,31378,2,84,10.457807179569812
ALL,845,14:05,29.2449394885286,18.52311824316466,642,32015,1,84,10.721821245363941
ALL,846,14:06,29.03924563249039,18.957636693557863,643,32003,1,84,10.081608938932526
ALL,847,14:07,28.967763130152953,18.84525504431577,641,31789,1,84,10.122508085837183
ALL,848,14:08,28.667903247459897,18.863995042882326,641,31834,1,84,9.80390820457757
ALL,849,14:09,29.051027567458735,18.88734805180293,643,31985,1,84,10.163679515655804
ALL,850,14:10,28.91609648005087,18.594454157457463,643,32193,1,84,10.321642322593409
ALL,851,14:11,29.343291611143126,18.667297799922803,642,32215,1,84,10.675993811220323
ALL,852,14:12,29.202072730307197,18.807617061696632,643,32370,1,84,10.394455668610565
ALL,853,14:13,28.87384080032386,18.83311200442257,644,31887,1,84,10.040728795901288
ALL,854,14:14,29.016476081683592,18.900005068091954,643,31947,1,84,10.116471013591639
ALL,855,14:15,29.098935058850394,19.01726967730297,643,32323,3,84,10.081665381547424
ALL,856,14:16,29.377753421264973,18.848518637013687,642,32235,2,84,10.529234784251287
ALL,857,14:17,29.390224131903548,19.114066393142878,642,32107,1,84,10.27615773876067
ALL,858,14:18,28.99141342267256,18.682521168941744,642,32062,1,84,10.308892253730818
ALL,859,14:19,29.62521284452186,18.575778139437993,643,32041,1,84,11.049434705083868
ALL,860,14:20,29.430120065853636,18.939442106753724,642,33122,1,84,10.490677959099912
ALL,861,14:21,28.8367900436977,18.779230477831263,642,32480,1,84,10.057559565866438
ALL,862,14:22,29.868596498982473,19.001373270061322,643,32754,1,84,10.867223228921151
ALL,863,14:23,30.187601992577846,19.00678993018719,643,32743,1,84,11.180812062390658
ALL,864,14:24,29.26830770377456,18.845694843210165,642,32473,1,84,10.422612860564396
ALL,865,14:25,29.411034678752408,18.90728237975318,644,32830,1,84,10.503752298999228
ALL,866,14:26,29.3715358441154,19.165187448537974,643,32807,1,84,10.206348395577425
ALL,867,14:27,28.878053621511516,19.111744810717163,643,32491,1,84,9.766308810794353
ALL,868,14:28,28.474632648648285,19.270857529361,642,32585,1,84,9.203775119287286
ALL,869,14:29,29.00236759127801,19.38218140656511,643,32798,2,84,9.6201861847129
ALL,870,14:30,29.747695799696327,19.55366231741817,640,34099,2,84,10.194033482278158
ALL,871,14:31,29.986940108424,19.387380528611722,643,33305,1,84,10.59955957981228
ALL,872,14:32,29.301883561334126,19.007255773161855,642,33064,1,84,10.29462778817227
ALL,873,14:33,29.052712873392924,18.909162761955578,642,32893,2,84,10.143550111437346
ALL,874,14:34,28.96689750298134,18.970747773360735,642,33017,2,84,9.996149729620605
ALL,875,14:35,29.34127778743872,19.36266021200081,643,33456,1,84,9.978617575437909
ALL,876,14:36,29.613071687868615,19.487543719033674,642,33079,2,83,10.125527968834941
ALL,877,14:37,30.00075459233111,19.051767390360506,642,32595,2,83,10.948987201970603
ALL,878,14:38,29.440082052864977,18.657847213710674,642,32595,1,83,10.782234839154302
ALL,879,14:39,28.67542801630611,18.847652246988726,643,32629,2,83,9.827775769317384
ALL,880,14:40,28.823418365830243,19.124532918798298,643,32820,1,83,9.698885447031945
ALL,881,14:41,28.751207395672683,19.242268620787403,643,32883,1,83,9.50893877488528
ALL,882,14:42,29.118914367648276,19.1002286254768,643,32998,2,83,10.018685742171478
ALL,883,14:43,28.6057564423736,18.968265525283044,643,32624,1,83,9.637490917090556
ALL,884,14:44,29.31944271442691,19.093500468021247,643,32804,1,83,10.225942246405662
ALL,885,14:45,28.738031591053414,19.248317728491692,644,33074,1,83,9.489713862561722
ALL,886,14:46,28.991346115037892,19.22264677809518,643,33149,1,83,9.768699336942714
ALL,887,14:47,28.541395077724157,19.075725807863126,644,33112,1,83,9.465669269861031
ALL,888,14:48,28.550810781560415,19.0409646357466,642,33453,1,83,9.509846145813814
ALL,889,14:49,28.408978087396715,19.262149084964634,643,33197,2,83,9.146829002432082
ALL,890,14:50,29.18884411450221,19.484448556581984,643,33850,1,83,9.704395557920225
ALL,891,14:51,29.002470421368383,19.351152160583606,643,33735,1,83,9.651318260784777
ALL,892,14:52,28.837974784082633,19.161967899072476,642,33287,2,83,9.676006885010157
ALL,893,14:53,28.361039917759843,19.51141247963897,643,33176,1,83,8.849627438120873
ALL,894,14:54,28.805007113895556,19.34410775538424,642,33827,2,83,9.460899358511316
ALL,895,14:55,28.955073198394214,19.73709431438159,643,33958,2,83,9.217978884012624
ALL,896,14:56,28.62665535782071,19.556345500196848,642,33625,3,83,9.070309857623862
ALL,897,14:57,28.29560963734091,19.5371996520352,644,33445,1,83,8.758409985305711
ALL,898,14:58,28.73844784005961,19.43044831300986,642,33332,1,83,9.307999527049748
ALL,899,14:59,28.021669405348632,19.5501858560833,642,33676,3,83,8.471483549265333
ALL,900,15:00,29.23778369343537,20.247776609753505,642,35371,3,83,8.990007083681867
ALL,901,15:01,28.331558279148457,19.82102506051343,642,33974,1,83,8.510533218635025
ALL,902,15:02,28.97232251766366,20.03055009594838,644,34256,1,83,8.941772421715278
ALL,903,15:03,28.791434228977977,19.8806676152879,643,34370,1,83,8.910766613690075
ALL,904,15:04,28.995247836381896,19.852603301403786,643,34804,3,84,9.14264453497811
ALL,905,15:05,28.853820806490038,19.92412378504612,642,35185,1,84,8.929697021443918
ALL,906,15:06,28.439606524954364,19.827008632787948,643,35074,1,84,8.612597892166416
ALL,907,15:07,28.74588052179324,19.920877956853502,643,35118,1,84,8.825002564939737
ALL,908,15:08,28.079589121673017,19.862041844054435,642,35321,1,84,8.217547277618582
ALL,909,15:09,28.075060012456692,20.178881633124917,642,35343,4,84,7.896178379331776
ALL,910,15:10,27.825497247591173,20.493237931852768,643,36493,1,84,7.332259315738405
ALL,911,15:11,28.078069195878744,20.458971371210374,643,35884,3,84,7.619097824668369
ALL,912,15:12,28.062301158100464,20.741117418657065,643,36227,1,84,7.3211837394433985
ALL,913,15:13,28.612825457893035,20.95121941894772,643,36312,2,84,7.661606038945315
ALL,914,15:14,29.178260735780544,20.992560959756442,644,36890,1,84,8.185699776024101
ALL,915,15:15,29.555970719340788,21.72171597825361,643,38350,3,84,7.834254741087179
ALL,916,15:16,30.4093133974816,22.499966930003197,643,38146,2,84,7.909346467478404
ALL,917,15:17,31.444734779370563,24.198491846423934,644,38879,1,84,7.246242932946629
ALL,918,15:18,33.14114537728619,26.729918511840886,643,40209,2,84,6.4112268654453075
ALL,919,15:19,37.3180690211064,32.5039825108464,644,43608,1,84,4.814086510260005
1_low,540,09:00,71.14179896654548,63.889695551032304,215,12257,5,80,7.252103415513176
1_low,541,09:01,77.2941418772747,57.637791896708926,215,11451,1,79,19.65634998056577
1_low,542,09:02,78.17174604741749,50.14572124355167,215,10520,1,79,28.026024803865816
1_low,543,09:03,75.22286768526156,45.92577664575185,215,10579,1,78,29.29709103950971
1_low,544,09:04,71.9583220356071,43.44121430446885,215,10115,2,78,28.517107731138246
1_low,545,09:05,69.85154708369392,41.469511701028765,214,10470,1,80,28.38203538266515
1_low,546,09:06,66.69026953784815,39.86160769964689,215,10329,2,81,26.828661838201263
1_low,547,09:07,65.24441666881022,37.721599560108594,214,9926,3,79,27.522817108701624
1_low,548,09:08,62.889356861883144,36.523012057227994,215,9653,1,77,26.36634480465515
1_low,549,09:09,62.17954564203957,35.39628726197885,215,9597,1,78,26.783258380060722
1_low,550,09:10,61.778143979486,36.00437678283701,214,9927,2,76,25.773767196648997
1_low,551,09:11,61.50554918513595,34.042541113641995,214,9899,2,75,27.463008071493952
1_low,552,09:12,61.08193779984655,33.144590196573944,214,9779,1,75,27.937347603272606
1_low,553,09:13,61.51531899328465,33.05023365982542,215,9567,1,77,28.46508533345923
1_low,554,09:14,60.376097909473124,31.64869198693702,215,9415,1,78,28.727405922536104
1_low,555,09:15,58.335788600964335,31.34368868823748,215,9505,1,78,26.992099912726854
1_low,556,09:16,57.96321207079763,31.833597255713297,215,9486,1,78,26.129614815084334
1_low,557,09:17,57.86075785440909,31.28273381689216,215,9212,1,74,26.578024037516926
1_low,558,09:18,56.20042896942446,31.136384280048446,214,9134,2,75,25.06404468937601
1_low,559,09:19,54.0121256799518,30.729842997599015,214,9022,2,78,23.282282682352786
1_low,560,09:20,56.10846893258006,29.928191921944705,214,9498,2,75,26.180277010635354
1_low,561,09:21,53.39703351992833,29.09423021633921,214,9025,1,71,24.30280330358912
1_low,562,09:22,52.1499049236537,28.34550597513702,215,8962,2,75,23.80439894851668
1_low,563,09:23,53.70390560849728,27.85099774840286,215,8975,1,74,25.85290786009442
1_low,564,09:24,53.395183565363844,28.402114006484837,214,8785,4,72,24.993069558879007
1_low,565,09:25,52.02866387146717,27.981547190712657,214,8812,3,73,24.04711668075451
1_low,566,09:26,52.539877136105325,26.918447812645034,215,8605,1,73,25.62142932346029
1_low,567,09:27,50.631415086928925,28.16685457063562,215,8658,1,71,22.464560516293304
1_low,568,09:28,50.730165600817,27.34347830627886,215,8381,1,72,23.38668729453814
1_low,569,09:29,51.3433088462436,26.685545778182625,214,8381,2,73,24.657763068060977
1_low,570,09:30,49.734673459035676,27.442295740451936,214,9090,4,71,22.29237771858374
1_low,571,09:31,49.56825019479134,27.555982339664403,214,8787,2,75,22.012267855126936
1_low,572,09:32,50.57505502479057,27.361120525984653,214,8537,1,71,23.21393449880592
1_low,573,09:33,50.3716419159024,26.971716416730047,215,8598,2,73,23.399925499172355
1_low,574,09:34,52.20605990972465,27.306000005906974,215,8484,1,73,24.900059903817677
1_low,575,09:35,48.33139991393978,27.238971180165098,213,8495,2,74,21.09242873377468
1_low,576,09:36,49.52881948461644,26.909609418711526,214,8423,2,76,22.619210065904916
1_low,577,09:37,48.889247007496515,26.146259774456865,214,8284,3,73,22.74298723303965
1_low,578,09:38,50.47692757077046,26.011364945765855,214,8272,2,72,24.4655626250046
1_low,579,09:39,48.756549198288646,26.658564081212315,213,8326,2,73,22.09798511707633
1_low,580,09:40,49.591581306924056,25.842821628265575,214,8292,1,73,23.74875967865848
1_low,581,09:41,47.850265372080116,25.40838485137906,214,8217,1,73,22.441880520701055
1_low,582,09:42,48.04343575717733,25.656305589320866,214,8160,2,71,22.387130167856462
1_low,583,09:43,49.22315682163278,25.27232656890923,215,8262,1,72,23.95083025272355
1_low,584,09:44,47.64849858267899,24.923953597298595,214,7952,1,69,22.724544985380394
1_low,585,09:45,46.534630501657425,24.42830209079847,215,8038,1,73,22.106328410858954
1_low,586,09:46,46.36399891312157,24.523385403155963,215,8002,1,72,21.840613509965607
1_low,587,09:47,48.95114890018622,24.852265200917266,215,7791,2,70,24.098883699268953
1_low,588,09:48,45.73657282860681,24.60977769144119,214,7856,2,70,21.12679513716562
1_low,589,09:49,47.22472482204306,24.163503525849126,215,7632,1,69,23.06122129619393
1_low,590,09:50,47.1758705500493,24.29891616666716,214,7965,1,72,22.876954383382138
1_low,591,09:51,44.65463632328786,24.078002417618073,214,7714,1,66,20.576633905669787
1_low,592,09:52,44.87035628561108,24.167895457764114,213,7803,1,69,20.702460827846966
1_low,593,09:53,46.1042251015993,23.944768181130087,214,7644,2,66,22.15945692046921
1_low,594,09:54,44.17739541680256,24.086949461348723,214,7712,2,68,20.090445955453838
1_low,595,09:55,45.327192703121725,24.405230081170835,214,7701,1,69,20.92196262195089
1_low,596,09:56,44.653289761647855,24.766044370004728,215,7636,1,70,19.887245391643127
1_low,597,09:57,45.46480872994903,24.428359643082022,215,7618,1,69,21.036449086867005
1_low,598,09:58,46.741281567930955,25.318544511403985,214,7543,2,72,21.42273705652697
1_low,599,09:59,44.213573708940395,24.808403880769333,215,7401,1,68,19.40516982817106
1_low,600,10:00,45.55241601809832,25.40193005011898,214,8126,1,70,20.15048596797934
1_low,601,10:01,45.23190024151561,25.234073336140266,214,7428,1,63,19.997826905375344
1_low,602,10:02,45.68987626704288,25.32604871006355,214,7431,1,67,20.363827556979327
1_low,603,10:03,46.774407425226904,24.633512956032526,215,7368,1,67,22.14089446919438
1_low,604,10:04,45.517644550047585,24.920878395619305,213,7608,2,71,20.59676615442828
1_low,605,10:05,45.65122306463871,25.327302462895776,214,7503,1,70,20.32392060174293
1_low,606,10:06,47.180001825762645,25.270774768400365,214,7497,1,67,21.90922705736228
1_low,607,10:07,44.175011838055475,24.624715348410113,215,7084,1,63,19.550296489645362
1_low,608,10:08,45.3982371400154,24.504187923493365,214,6932,1,65,20.89404921652203
1_low,609,10:09,44.03564306917941,24.169079355157436,215,6973,1,64,19.86656371402197
1_low,610,10:10,45.566204112467894,24.355119598421428,214,7310,1,66,21.211084514046465
1_low,611,10:11,44.957167343232186,24.59066145036911,214,7021,1,67,20.366505892863074
1_low,612,10:12,44.37848179807668,23.885075946897473,214,6954,2,67,20.493405851179205
1_low,613,10:13,44.025135363885205,24.243169222188186,215,6829,1,65,19.78196614169702
1_low,614,10:14,44.1287624442393,23.70819178979324,214,6763,3,65,20.42057065444606
1_low,615,10:15,42.52954601702017,23.904073568555113,214,6900,2,69,18.625472448465054
1_low,616,10:16,43.10834736582824,23.803357343720933,214,6786,1,62,19.304990022107305
1_low,617,10:17,43.128801700606346,23.630415259983444,215,6651,1,63,19.4983864406229
1_low,618,10:18,45.17944573482094,23.61440766008999,215,6707,1,66,21.565038074730946
1_low,619,10:19,43.35285922448071,23.394963502158667,214,6600,2,70,19.957895722322043
1_low,620,10:20,45.52216831833407,23.41241107387299,213,6785,3,65,22.10975724446108
1_low,621,10:21,43.03524973890149,22.97369824948153,215,6781,1,65,20.061551489419962
1_low,622,10:22,44.26468286005087,23.35564338321378,215,6660,1,63,20.909039476837087
1_low,623,10:23,46.10445619576343,23.984234030536502,215,6753,1,67,22.12022216522693
1_low,624,10:24,43.60926131017418,23.47662792264729,213,6536,1,61,20.132633387526894
1_low,625,10:25,46.3706770188922,23.150722279519627,214,6578,1,64,23.219954739372575
1_low,626,10:26,45.55477964771038,23.744616335669132,214,6588,1,63,21.81016331204125
1_low,627,10:27,44.93231453104594,23.778420291280927,214,6640,1,66,21.153894239765012
1_low,628,10:28,43.57836753750862,23.511374906408008,213,6482,2,60,20.06699263110061
1_low,629,10:29,42.6955554627345,23.722674976063125,214,6311,2,60,18.97288048667137
1_low,630,10:30,44.84212047545333,23.7778220854271,214,7058,3,63,21.064298390026227
1_low,631,10:31,43.80485263243665,23.455568933798165,213,6789,1,66,20.349283698638484
1_low,632,10:32,44.10806130456889,23.691243238759526,214,6678,1,60,20.416818065809366
1_low,633,10:33,45.03341324148972,23.350848746260585,214,6666,1,61,21.682564495229133
1_low,634,10:34,44.80686401746924,23.49227274991984,213,6466,2,61,21.314591267549396
1_low,635,10:35,44.839877542013696,23.81021417635898,214,6548,2,63,21.029663365654717
1_low,636,10:36,44.97108456878436,24.18963704393877,214,6501,1,64,20.781447524845593
1_low,637,10:37,43.01207784892782,23.927804974776784,214,6402,3,61,19.084272874151033
1_low,638,10:38,44.021018298447245,23.745739750485694,214,6450,1,63,20.275278547961552
1_low,639,10:39,43.05893833637117,23.61216002957049,214,6292,1,56,19.44677830680068
1_low,640,10:40,42.676797731469655,23.687315259751394,213,6444,1,64,18.98948247171826
1_low,641,10:41,43.71342967883494,22.992327807218146,214,6309,1,64,20.721101871616796
1_low,642,10:42,43.15476604945595,23.332491514894116,214,6307,1,64,19.822274534561835
1_low,643,10:43,42.39779359557251,23.417053830547072,214,6347,1,62,18.980739765025437
1_low,644,10:44,43.573145349829026,23.356753687272736,212,6274,2,65,20.21639166255629
1_low,645,10:45,43.81026464265474,23.536740473294387,215,6381,1,60,20.27352416936035
1_low,646,10:46,44.871951104178734,23.779237134955107,213,6334,2,59,21.092713969223627
1_low,647,10:47,43.615277186258496,23.75519967425743,213,6349,2,64,19.860077512001066
1_low,648,10:48,45.83095688008313,23.770428408336382,215,6312,2,63,22.060528471746746
1_low,649,10:49,42.975564366599436,23.812798629979444,212,6391,1,65,19.162765736619992
1_low,650,10:50,43.82587330774729,23.70403236445399,214,6739,1,63,20.121840943293297
1_low,651,10:51,44.26695758799793,23.173230372672275,214,6348,1,62,21.093727215325654
1_low,652,10:52,44.76469877127102,22.679922587294705,215,6346,1,63,22.084776183976317
1_low,653,10:53,44.564063142026804,22.89772771405422,214,6287,2,60,21.666335427972584
1_low,654,10:54,42.69715553356263,22.6830672156927,214,6181,2,58,20.01408831786993
1_low,655,10:55,43.18069313588413,23.893947478012308,214,6304,1,60,19.28674565787182
1_low,656,10:56,44.03304890981561,23.517928819907844,214,6099,1,59,20.515120089907768
1_low,657,10:57,44.88821939243543,23.669212802960725,214,6088,1,58,21.219006589474706
1_low,658,10:58,43.333995049507514,23.053055775936144,214,6011,1,61,20.28093927357137
1_low,659,10:59,43.232079202847686,23.128636924288408,213,6123,1,61,20.103442278559278
1_low,660,11:00,43.76203759280432,24.133802343628926,213,6578,1,61,19.628235249175393
1_low,661,11:01,44.68822742470819,23.50829168397939,214,6284,1,62,21.179935740728798
1_low,662,11:02,43.727943306125255,22.986977328568436,214,6077,1,62,20.74096597755682
1_low,663,11:03,46.75061730908763,23.50385211367998,214,6094,1,60,23.24676519540765
1_low,664,11:04,45.63469565379826,23.334859388993074,214,6144,2,56,22.299836264805187
1_low,665,11:05,45.37920930651356,23.710861052915913,214,6109,1,54,21.668348253597646
1_low,666,11:06,43.333967791185906,23.95149699398361,214,5929,1,58,19.382470797202295
1_low,667,11:07,42.78855226767105,23.048279414667398,213,5842,2,55,19.740272853003653
1_low,668,11:08,42.211529686360024,23.778926263233316,214,5783,1,62,18.432603423126707
1_low,669,11:09,44.42625866058377,22.931847410864936,213,5725,1,62,21.494411249718834
1_low,670,11:10,41.76877999080228,23.196841843379474,214,6018,3,61,18.571938147422806
1_low,671,11:11,43.310365355206066,22.353591641563053,213,5735,1,60,20.956773713643013
1_low,672,11:12,41.7025227800643,23.00251965107222,212,5751,2,57,18.70000312899208
1_low,673,11:13,42.29705931395833,22.525883581956954,214,5676,1,59,19.771175732001375
1_low,674,11:14,39.227685648823,22.975375279135296,213,5666,1,53,16.252310369687702
1_low,675,11:15,41.89582686561383,23.06573013492577,214,5755,1,59,18.83009673068806
1_low,676,11:16,42.99216135030304,23.640132536580253,215,5824,1,60,19.35202881372279
1_low,677,11:17,41.67471196514444,23.29475628828848,212,5541,2,57,18.37995567685596
1_low,678,11:18,40.993875647415905,22.68814327393605,214,5509,1,58,18.305732373479856
1_low,679,11:19,40.83076920208653,23.21687209880291,213,5490,1,54,17.61389710328362
1_low,680,11:20,41.62848291066414,22.78211388973889,215,5716,1,59,18.84636902092525
1_low,681,11:21,42.13543919007341,22.52578511329724,214,5614,1,60,19.609654076776174
1_low,682,11:22,40.43134902371445,22.470589080209283,214,5313,1,59,17.96075994350517
1_low,683,11:23,42.27137773358617,22.6821186085269,214,5452,1,58,19.58925912505927
1_low,684,11:24,41.172533641481046,22.864227900864417,212,5343,1,56,18.30830574061663
1_low,685,11:25,40.117585220471845,21.937071370874406,214,5272,1,49,18.18051384959744
1_low,686,11:26,43.069094268947254,23.252761769868147,213,5570,1,61,19.816332499079106
1_low,687,11:27,44.984555836957306,23.382689482605755,212,5422,2,53,21.60186635435155
1_low,688,11:28,40.93968802070116,22.275071302157677,213,5450,1,62,18.664616718543485
1_low,689,11:29,41.28123594117319,22.67656987976195,213,5185,1,56,18.604666061411244
1_low,690,11:30,42.25043077718307,23.022801099943305,213,5546,1,58,19.227629677239765
1_low,691,11:31,41.54746738997502,22.457485294995127,213,5298,1,62,19.08998209497989
1_low,692,11:32,43.64271638666987,22.462741472626867,212,5346,1,58,21.179974914043
1_low,693,11:33,42.58595345724299,23.564778337979735,215,5303,1,61,19.02117511926325
1_low,694,11:34,42.8849051059286,23.06077447255619,214,5206,1,57,19.824130633372413
1_low,695,11:35,41.921856482668126,22.768254068266153,214,5341,1,54,19.153602414401973
1_low,696,11:36,43.22014731778399,22.565396722266144,213,5171,1,56,20.654750595517847
1_low,697,11:37,42.75961936755663,22.320216641901524,213,5060,1,55,20.439402725655107
1_low,698,11:38,40.96012888124145,22.587036021747988,213,5004,1,57,18.373092859493465
1_low,699,11:39,40.45750411978814,22.49442220446246,215,5042,1,52,17.96308191532568
1_low,700,11:40,41.63232433535844,22.569517839737696,213,5309,1,52,19.062806495620745
1_low,701,11:41,42.937656506947484,22.171365577331077,213,5087,2,53,20.766290929616407
1_low,702,11:42,42.991594763240826,21.944887726878015,213,5060,2,57,21.04670703636281
1_low,703,11:43,41.718254666534804,22.577848336835267,214,4932,1,55,19.140406329699537
1_low,704,11:44,42.22510681713171,22.640401539659575,213,4946,1,51,19.584705277472136
1_low,705,11:45,43.71113330264586,22.368125554734178,213,5084,1,54,21.343007747911685
1_low,706,11:46,42.70711671896914,22.731116820657057,214,5095,1,60,19.975999898312082
1_low,707,11:47,39.45542440328925,22.532720672942013,213,5005,1,53,16.922703730347237
1_low,708,11:48,41.352308868799426,22.43279877266913,214,5003,1,55,18.919510096130296
1_low,709,11:49,41.54537034343409,22.614069598418542,214,5096,2,54,18.931300745015545
1_low,710,11:50,43.895253153044386,22.569721335372485,213,5090,1,54,21.3255318176719
1_low,711,11:51,40.73758771133979,21.81778123895266,213,4851,1,54,18.919806472387133
1_low,712,11:52,43.85435944820742,22.719266718502343,214,5140,1,59,21.135092729705075
1_low,713,11:53,42.49551116275498,22.09522166782222,214,5023,1,53,20.40028949493276
1_low,714,11:54,40.67120138553958,21.730226857550683,213,4771,1,46,18.9409745279889
1_low,715,11:55,40.968360899940535,22.63101848692421,214,4973,1,55,18.337342413016327
1_low,716,11:56,40.37687585018712,22.454710875051024,214,4810,1,55,17.922164975136095
1_low,717,11:57,40.165233307936845,22.063608642380512,213,4733,1,50,18.101624665556333
1_low,718,11:58,42.435949027644355,22.644180345331662,213,4939,2,48,19.791768682312693
1_low,719,11:59,42.254318245740265,22.65431371661571,213,4804,2,59,19.600004529124554
1_low,720,12:00,42.48355246127867,23.11107112009154,214,5218,1,56,19.37248134118713
1_low,721,12:01,45.308467499065024,22.331316541535266,215,4836,1,47,22.97715095752976
1_low,722,12:02,42.12790569228453,22.500176199834105,213,4984,1,55,19.627729492450424
1_low,723,12:03,41.9971987008822,22.21575763237552,214,4854,1,52,19.78144106850668
1_low,724,12:04,45.13234304691046,23.32602911554434,213,4701,1,52,21.806313931366116
1_low,725,12:05,43.26517867025646,22.3039964881527,214,4811,1,48,20.961182182103762
1_low,726,12:06,41.04584472402195,22.529867372477923,212,4811,1,52,18.515977351544024
1_low,727,12:07,41.28203611063732,22.727844484312627,215,4974,1,52,18.554191626324695
1_low,728,12:08,40.22491292758945,22.610620201550425,212,4736,2,48,17.614292726039025
1_low,729,12:09,41.069258582901085,22.511469258447196,213,4756,1,55,18.55778932445389
1_low,730,12:10,41.31899205521515,22.335116655027964,213,4810,1,53,18.983875400187184
1_low,731,12:11,42.044947223052766,22.506740285053496,213,4623,1,50,19.53820693799927
1_low,732,12:12,41.78088304766901,23.08941064218625,211,4665,2,53,18.691472405482756
1_low,733,12:13,41.94998655921948,22.171822323155517,213,4723,2,50,19.778164236063965
1_low,734,12:14,41.88924616828146,22.498800505357895,214,4568,1,53,19.390445662923565
1_low,735,12:15,42.14638679378265,22.52037311751419,214,4866,1,48,19.626013676268464
1_low,736,12:16,42.90313594608122,22.20098972146923,213,4732,1,53,20.70214622461199
1_low,737,12:17,41.70946492744947,21.794458217315672,213,4754,1,54,19.915006710133795
1_low,738,12:18,40.70647617193617,22.193110436973527,212,4626,1,50,18.51336573496264
1_low,739,12:19,39.91904821162293,22.183253169523464,213,4693,2,55,17.735795042099465
1_low,740,12:20,41.09916112324709,21.587593885857174,212,4906,2,50,19.51156723738992
1_low,741,12:21,40.597425182843956,21.6097467937366,214,4703,1,56,18.987678389107355
1_low,742,12:22,40.35158350389447,21.812087389790236,213,4650,1,57,18.53949611410423
1_low,743,12:23,39.93507107235187,22.03551085701262,214,4708,1,53,17.899560215339246
1_low,744,12:24,41.47810759854812,21.32166802859254,213,4563,1,51,20.15643956995558
1_low,745,12:25,39.119149519398626,22.393425266608173,213,4658,1,51,16.725724252790453
1_low,746,12:26,38.33645318562515,21.718270881579137,213,4643,1,49,16.618182304046016
1_low,747,12:27,39.70447997643841,22.74700692391089,212,4710,2,50,16.957473052527515
1_low,748,12:28,37.928120456004386,22.396363155200074,211,4741,2,53,15.531757300804312
1_low,749,12:29,39.23055279657692,22.742272396874885,214,4799,1,51,16.488280399702038
1_low,750,12:30,41.67425242987206,22.405924534706816,213,5098,1,54,19.268327895165246
1_low,751,12:31,39.86503759456392,21.683743466421156,214,4780,1,52,18.181294128142767
1_low,752,12:32,38.765688443971314,22.335446958318272,214,4850,1,54,16.430241485653042
1_low,753,12:33,39.74387788228915,21.588590536321217,214,4831,1,53,18.15528734596793
1_low,754,12:34,40.095728393702466,22.132163203252553,213,4678,1,50,17.963565190449913
1_low,755,12:35,39.39435715110454,21.878299323592596,214,4698,1,51,17.516057827511947
1_low,756,12:36,39.61146769208118,21.49392367734591,214,4729,1,50,18.117544014735266
1_low,757,12:37,39.07438370519807,21.73552344723427,214,4683,2,52,17.338860257963802
1_low,758,12:38,39.25582034047394,22.13628991557034,214,4799,1,53,17.119530424903598
1_low,759,12:39,39.92231473394662,21.789822504457682,214,4601,1,51,18.13249222948894
1_low,760,12:40,38.195745524047176,22.866710465965642,212,4899,1,48,15.329035058081534
1_low,761,12:41,40.7287052506107,22.6359455091486,213,5028,1,53,18.092759741462103
1_low,762,12:42,39.78290162445122,22.259843646128918,213,4834,1,50,17.523057978322303
1_low,763,12:43,40.91152257739201,21.753170744091044,214,4890,1,54,19.15835183330097
1_low,764,12:44,38.795654146827,21.87538870876867,213,4889,2,51,16.920265438058326
1_low,765,12:45,40.25969717428317,22.369613728974446,213,4882,1,54,17.890083445308722
1_low,766,12:46,39.48866070969272,22.22846094467923,214,4990,1,57,17.260199765013486
1_low,767,12:47,39.91130327041562,22.540043415384364,214,4849,2,53,17.37125985503126
1_low,768,12:48,37.35283032342419,22.123374629149055,213,4842,1,57,15.229455694275138
1_low,769,12:49,38.324920961213365,22.36968986837475,214,4900,2,49,15.955231092838616
1_low,770,12:50,39.6020477122894,22.799256849718407,213,5154,1,56,16.80279086257099
1_low,771,12:51,38.813070602555804,21.859886446470096,213,4982,2,49,16.953184156085708
1_low,772,12:52,40.603191472033714,21.863619037818346,214,4969,1,53,18.73957243421537
1_low,773,12:53,39.0658117110057,21.74579247579357,214,4838,1,53,17.32001923521213
1_low,774,12:54,37.19580356008777,22.355590133684164,214,4931,1,55,14.840213426403604
1_low,775,12:55,37.94582875305197,21.994551736931168,212,4965,1,53,15.951277016120802
1_low,776,12:56,37.62754826828742,21.257372698765085,213,5002,1,56,16.370175569522335
1_low,777,12:57,38.45084795794619,22.194097842716364,213,4984,1,58,16.256750115229824
1_low,778,12:58,39.74813217487961,22.500560927807882,213,4922,2,58,17.247571247071726
1_low,779,12:59,40.31748422705092,22.329276912660344,213,4896,1,58,17.988207314390575
1_low,780,13:00,38.914498821380164,22.44240000145724,214,5163,1,56,16.472098819922923
1_low,781,13:01,39.65595326659984,21.635808330720604,214,4901,1,53,18.020144935879234
1_low,782,13:02,40.952325783561754,21.787467908062,214,4956,1,50,19.164857875499756
1_low,783,13:03,41.03244813636295,21.547145457534956,214,4941,1,58,19.485302678827995
1_low,784,13:04,40.852762137408504,21.82943226581188,214,5042,1,58,19.023329871596623
1_low,785,13:05,39.55317876298012,22.12108936062948,214,5292,1,57,17.432089402350638
1_low,786,13:06,40.369744274105464,22.5291352502955,214,5193,1,55,17.840609023809964
1_low,787,13:07,41.18818122879524,22.652908717822328,213,4959,2,56,18.53527251097291
1_low,788,13:08,41.825362210125505,22.53067621824417,213,5010,1,50,19.294685991881334
1_low,789,13:09,40.71948137205765,22.441796422127382,213,5016,1,50,18.27768494993027
1_low,790,13:10,39.83541117389858,22.59074093216748,214,5262,1,57,17.244670241731097
1_low,791,13:11,40.34353971403258,21.656560004498235,214,5069,1,53,18.686979709534345
1_low,792,13:12,42.06472161208867,22.880109592801173,213,5100,1,56,19.184612019287496
1_low,793,13:13,40.11921256427442,21.297552150545094,211,5076,2,54,18.821660413729326
1_low,794,13:14,41.19347315546336,21.949863760998177,214,5046,1,57,19.24360939446518
1_low,795,13:15,41.781411939896415,22.178149625155264,213,5073,1,55,19.60326231474115
1_low,796,13:16,42.401307545039636,22.132885110820986,212,5114,1,52,20.26842243421865
1_low,797,13:17,42.29844188234584,22.295659533704477,213,5068,1,55,20.002782348641365
1_low,798,13:18,41.16553290634172,22.529885834681366,214,5084,1,52,18.63564707166035
1_low,799,13:19,41.317526725231055,22.954259204087002,213,5160,1,51,18.363267521144053
1_low,800,13:20,40.686832522674266,22.534694447751193,213,5302,1,54,18.152138074923073
1_low,801,13:21,42.98755047335985,22.16415726235583,213,5217,2,56,20.823393211004024
1_low,802,13:22,41.827557677865656,22.159473981960566,215,5155,1,56,19.66808369590509
1_low,803,13:23,40.7558035397762,22.236698943811597,214,5180,2,56,18.519104595964606
1_low,804,13:24,40.67766900147123,21.984058827932547,213,5158,2,53,18.693610173538683
1_low,805,13:25,41.12241637828996,21.67150673276582,213,5239,2,50,19.450909645524142
1_low,806,13:26,40.31262601121223,21.471405018323416,214,5276,2,57,18.841220992888815
1_low,807,13:27,42.77704695981323,21.600411726751357,214,5260,1,53,21.17663523306187
1_low,808,13:28,42.55131688973891,21.691749305329093,214,4912,1,54,20.859567584409813
1_low,809,13:29,42.39624822554828,22.15664066265127,212,5038,1,52,20.239607562897007
1_low,810,13:30,42.247712910820965,21.62445981807227,213,5269,1,57,20.623253092748694
1_low,811,13:31,42.48575541887628,21.99499282410331,214,5097,1,55,20.49076259477297
1_low,812,13:32,39.88811871864181,21.846492652497922,212,5073,1,56,18.04162606614389
1_low,813,13:33,41.21376667747705,21.86081388105021,215,5035,1,52,19.352952796426838
1_low,814,13:34,39.91921542051259,22.39717201460604,213,4946,1,54,17.522043405906555
1_low,815,13:35,40.078966065046664,21.73615344380355,214,4992,2,53,18.342812621243116
1_low,816,13:36,40.49956661056548,22.449057481953098,214,5046,1,57,18.050509128612383
1_low,817,13:37,40.51726014127433,22.589191712519266,214,5058,1,53,17.92806842875506
1_low,818,13:38,38.67703962498106,21.594435661469177,213,4898,1,50,17.082603963511886
1_low,819,13:39,40.63651299007497,21.856571099711413,213,5051,1,59,18.779941890363556
1_low,820,13:40,39.86350175010456,21.712848965491315,214,5173,1,51,18.150652784613246
1_low,821,13:41,39.94984302152668,22.03130810443676,213,5041,1,49,17.91853491708992
1_low,822,13:42,40.24917891207966,21.627747009154934,215,5086,1,57,18.621431902924723
1_low,823,13:43,41.177474193632726,21.975049711939768,213,5046,1,50,19.202424481692958
1_low,824,13:44,38.96071212729065,21.584872313734405,213,5038,1,52,17.375839813556244
1_low,825,13:45,39.469780683761066,21.928654493074774,213,5219,1,57,17.541126190686292
1_low,826,13:46,39.99455255316079,22.30643024464491,213,5049,1,55,17.688122308515876
1_low,827,13:47,41.127492182626156,22.277063345714833,214,5031,1,57,18.850428836911323
1_low,828,13:48,40.94342301457016,21.682448783343194,214,4919,1,51,19.260974231226964
1_low,829,13:49,40.62539566506412,22.013675495855985,214,5200,1,55,18.611720169208134
1_low,830,13:50,40.433783693611026,22.047348954344564,213,5219,2,54,18.386434739266463
1_low,831,13:51,39.90689561883395,21.517961347647972,213,5235,1,52,18.388934271185978
1_low,832,13:52,40.10466028495108,21.4495309748452,212,5178,3,53,18.65512931010588
1_low,833,13:53,39.7544302158271,21.837511783376833,212,4985,1,52,17.916918432450267
1_low,834,13:54,38.524035421596565,22.027703212007946,214,5201,1,50,16.49633220958862
1_low,835,13:55,41.27797799768409,22.52349877245463,213,5237,1,54,18.75447922522946
1_low,836,13:56,41.84953845469248,22.348377425979162,214,5156,1,49,19.501161028713316
1_low,837,13:57,40.93432117470521,22.78256258821212,212,5232,2,52,18.15175858649309
1_low,838,13:58,38.68227478008964,22.79703692557336,214,5123,1,50,15.885237854516284
1_low,839,13:59,41.979068160647735,22.56768644357617,214,5251,2,57,19.411381717071563
1_low,840,14:00,41.41269892840963,22.59825781831862,214,5597,1,56,18.814441110091014
1_low,841,14:01,39.705957410618595,21.480966972262973,212,5188,3,57,18.224990438355622
1_low,842,14:02,40.53409171291978,22.464462352149518,215,5225,1,58,18.069629360770264
1_low,843,14:03,40.581734078361556,21.92043002681149,213,5170,1,58,18.661304051550065
1_low,844,14:04,41.078683662668695,22.060752697085952,213,5109,2,53,19.017930965582742
1_low,845,14:05,41.2912846928681,21.68590514220098,213,5338,1,52,19.605379550667124
1_low,846,14:06,40.305388807788404,22.40969044239781,214,5310,1,54,17.895698365390594
1_low,847,14:07,41.01952544041458,22.33378774730804,212,5192,1,57,18.685737693106542
1_low,848,14:08,39.65588583200607,22.50895649075601,212,5238,1,52,17.14692934125006
1_low,849,14:09,40.84758345075403,22.62917864927365,214,5176,1,55,18.21840480148038
1_low,850,14:10,40.346952083871486,22.000732811677285,214,5283,1,53,18.3462192721942
1_low,851,14:11,40.91158248617421,21.985448272537308,213,5344,1,49,18.926134213636903
1_low,852,14:12,40.69712490800517,22.36158921001716,214,5430,1,57,18.33553569798801
1_low,853,14:13,40.32030271273196,22.775377553560894,215,5210,1,54,17.544925159171065
1_low,854,14:14,40.939412705292035,22.991570483928196,214,5324,1,52,17.94784222136384
1_low,855,14:15,40.43996204589989,22.76934441794688,214,5354,3,55,17.67061762795301
1_low,856,14:16,41.42903111939998,22.434571609731375,213,5427,2,57,18.994459509668605
1_low,857,14:17,41.340120297984505,23.268693644927456,213,5460,1,59,18.07142665305705
1_low,858,14:18,40.40115793478419,22.234161925111483,213,5283,1,55,18.166996009672705
1_low,859,14:19,42.23012027636383,21.895355491211124,214,5312,1,59,20.334764785152704
1_low,860,14:20,41.19873248890667,22.4061376303441,213,5817,1,56,18.79259485856257
1_low,861,14:21,39.51077699871375,21.989106215267423,213,5528,1,64,17.52167078344633
1_low,862,14:22,42.3279816836127,22.70671111693145,214,5594,1,58,19.621270566681247
1_low,863,14:23,43.54097986560583,23.08476059869721,214,5506,1,58,20.45621926690862
1_low,864,14:24,41.63093023899752,22.763947893672615,213,5427,1,56,18.866982345324907
1_low,865,14:25,41.81370779741348,22.552106268208398,215,5533,1,59,19.26160152920508
1_low,866,14:26,41.68339254974138,23.331656962669193,214,5579,1,57,18.351735587072184
1_low,867,14:27,40.49243382263891,22.960515219180532,214,5435,1,57,17.531918603458376
1_low,868,14:28,39.053269864338745,23.56523575564486,213,5428,1,53,15.488034108693885
1_low,869,14:29,40.662340127590156,23.588187319016487,214,5553,2,59,17.07415280857367
1_low,870,14:30,41.14907534060568,23.93111548990647,211,6125,2,60,17.217959850699206
1_low,871,14:31,42.73141868815193,23.734706029382107,214,5693,1,57,18.996712658769827
1_low,872,14:32,41.26961967525242,22.78865663140959,213,5648,1,57,18.48096304384283
1_low,873,14:33,40.278679824269084,22.58517596175781,213,5569,2,60,17.693503862511275
1_low,874,14:34,40.15388854587002,22.83797086860448,213,5695,2,60,17.31591767726554
1_low,875,14:35,39.479213238397,23.1734494712799,214,5797,1,57,16.305763767117103
1_low,876,14:36,40.71732709468319,23.725213586719644,213,5764,2,56,16.99211350796355
1_low,877,14:37,43.30677753567496,23.126275179360974,213,5671,2,58,20.180502356313987
1_low,878,14:38,41.941533701287476,22.016642010151184,213,5594,1,55,19.924891691136292
1_low,879,14:39,39.95167814472302,22.578400167722023,214,5587,2,51,17.373277977000996
1_low,880,14:40,39.96732691438691,23.297263354176867,214,5764,1,58,16.670063560210043
1_low,881,14:41,40.25567098482696,23.563764254650604,214,5691,1,57,16.69190673017636
1_low,882,14:42,40.78355824433072,22.914960477135995,214,5732,2,58,17.868597767194725
1_low,883,14:43,39.67339985617945,22.66262497035381,214,5601,1,55,17.01077488582564
1_low,884,14:44,41.66272821159307,23.285244353745234,214,5667,1,66,18.377483857847835
1_low,885,14:45,39.81694350516584,23.127558618354648,215,5732,1,57,16.68938488681119
1_low,886,14:46,40.22880999182819,23.37904187776654,214,5710,1,61,16.849768114061654
1_low,887,14:47,39.04563869561833,22.78422592642927,215,5828,1,60,16.26141276918906
1_low,888,14:48,39.169798799908094,22.862915579585305,213,5905,1,59,16.30688322032279
1_low,889,14:49,39.25778806085639,23.316176244170986,214,5878,2,58,15.941611816685406
1_low,890,14:50,40.69773023970504,23.76543663305942,214,6167,1,59,16.93229360664562
1_low,891,14:51,40.15065809689159,23.398776540931333,214,6054,1,58,16.751881555960257
1_low,892,14:52,39.99102103531392,22.873943544229537,213,5860,2,59,17.117077491084384
1_low,893,14:53,39.21472634234859,24.058453473307683,214,5790,1,57,15.156272869040908
1_low,894,14:54,40.48230614392365,23.570824535316795,213,6118,2,63,16.911481608606856
1_low,895,14:55,40.675395059817575,24.491064249454084,214,6122,2,62,16.18433081036349
1_low,896,14:56,40.39864944335882,23.932467437630343,213,6033,3,58,16.466182005728477
1_low,897,14:57,40.06687634045191,24.15554207327592,215,5990,1,56,15.911334267175992
1_low,898,14:58,41.544439344449735,23.94043191022279,213,5922,1,55,17.604007434226943
1_low,899,14:59,39.41559465206153,24.13238187359319,213,6059,3,64,15.28321277846834
1_low,900,15:00,41.213520550347894,24.98845232109161,213,6866,3,64,16.225068229256284
1_low,901,15:01,39.22877314067277,24.08568671415866,213,6135,1,62,15.143086426514113
1_low,902,15:02,41.232309290730115,24.85270145554775,215,6232,1,60,16.379607835182366
1_low,903,15:03,41.129769777464276,24.664183451552898,214,6303,1,58,16.465586325911378
1_low,904,15:04,41.488849667938226,24.32299838388678,214,6301,3,62,17.165851284051445
1_low,905,15:05,41.139148671311816,24.553688102357825,213,6523,1,64,16.58546056895399
1_low,906,15:06,40.178487092626234,24.207064579877233,214,6605,1,62,15.971422512749001
1_low,907,15:07,41.41735470078116,24.6607799112966,214,6526,1,59,16.75657478948456
1_low,908,15:08,39.94050230620324,24.501438856665807,213,6539,1,64,15.439063449537436
1_low,909,15:09,40.26692766480149,25.19090552756471,213,6568,4,61,15.076022137236784
1_low,910,15:10,39.32212756618053,25.96326233955779,214,7403,1,63,13.358865226622736
1_low,911,15:11,39.77356286803641,25.610302659761096,214,6893,3,65,14.163260208275311
1_low,912,15:12,40.16041168036541,26.221047444564988,214,7086,1,67,13.939364235800419
1_low,913,15:13,41.37713247104562,26.496196710133955,214,7080,2,64,14.880935760911665
1_low,914,15:14,42.757623658182176,26.471696826145138,215,7409,1,68,16.28592683203704
1_low,915,15:15,42.23717780757266,28.056440206920932,214,8223,3,70,14.180737600651725
1_low,916,15:16,43.67441269505896,29.28780283826235,214,8126,2,70,14.38660985679661
1_low,917,15:17,44.90976337531311,31.75299428645039,215,8433,1,71,13.15676908886272
1_low,918,15:18,48.39757993842292,36.00079697482949,214,9313,2,71,12.39678296359343
1_low,919,15:19,53.76953554398255,44.394706800529136,215,11455,1,76,9.374828743453413
2_mid,540,09:00,59.29445676762693,45.4766252024716,214,16508,29,84,13.81783156515533
2_mid,541,09:01,64.99475878709292,38.80912878970994,214,16210,26,84,26.185629997382982
2_mid,542,09:02,59.89536351504251,35.0187049808309,214,15902,26,84,24.876658534211614
2_mid,543,09:03,55.57438158474564,33.428444148037876,214,16007,29,84,22.14593743670776
2_mid,544,09:04,50.70086852288696,31.5177577630853,214,15885,28,84,19.183110759801657
2_mid,545,09:05,48.62559108816715,29.875459300297106,214,16045,29,84,18.750131787870043
2_mid,546,09:06,47.01403185906527,29.44483176623746,214,15871,29,84,17.56920009282781
2_mid,547,09:07,44.04362374671659,28.330905659893077,214,15769,29,84,15.712718086823514
2_mid,548,09:08,42.54778416335504,27.84816786177193,214,15731,27,84,14.69961630158311
2_mid,549,09:09,41.35177851912057,26.946720293550104,214,15635,30,84,14.405058225570468
2_mid,550,09:10,41.744245672235024,26.618866260577374,214,15820,28,84,15.12537941165765
2_mid,551,09:11,41.9422579013256,26.292134961541702,214,15739,28,84,15.650122939783895
2_mid,552,09:12,41.67721031280303,25.951764227279966,214,15642,26,84,15.72544608552306
2_mid,553,09:13,40.69479981834182,25.65187179913069,214,15568,29,84,15.042928019211132
2_mid,554,09:14,39.720180712480285,25.23431560241525,214,15454,29,84,14.485865110065035
2_mid,555,09:15,39.52545288793372,25.079636152322195,214,15550,30,84,14.445816735611523
2_mid,556,09:16,39.6020835841328,25.069275029328896,214,15448,29,84,14.532808554803903
2_mid,557,09:17,38.77236294215498,24.84403810363009,214,15372,22,84,13.928324838524887
2_mid,558,09:18,37.69847157499483,24.47421624604822,214,15248,29,84,13.224255328946608
2_mid,559,09:19,37.19492314917814,24.0194912188126,214,15184,27,84,13.175431930365537
2_mid,560,09:20,37.67962308471036,23.564041970505663,214,15321,29,84,14.115581114204694
2_mid,561,09:21,36.69780369670407,23.620028603129256,214,15115,28,84,13.077775093574814
2_mid,562,09:22,36.0009043066801,23.34372997395979,214,15041,27,84,12.65717433272031
2_mid,563,09:23,36.01841039398174,23.102793188078937,214,15088,28,84,12.915617205902802
2_mid,564,09:24,35.489453028170686,22.8517457284578,214,14962,30,84,12.637707299712886
2_mid,565,09:25,35.37348960385917,22.77119908285703,214,15098,25,84,12.60229052100214
2_mid,566,09:26,35.16303429694642,22.837202775061577,214,14942,26,84,12.325831521884844
2_mid,567,09:27,34.84401417743981,22.59673726085373,214,15015,26,84,12.247276916586081
2_mid,568,09:28,34.52593181476674,22.482576543643372,214,14829,28,84,12.043355271123371
2_mid,569,09:29,34.14640795798312,22.261145631647572,214,14682,26,83,11.88526232633555
2_mid,570,09:30,34.15900798353027,22.36528382262235,214,15124,29,84,11.793724160907924
2_mid,571,09:31,34.052545684877266,22.313609224534538,214,14935,27,84,11.738936460342728
2_mid,572,09:32,34.273546728397285,22.013516549247477,214,14937,29,84,12.260030179149808
2_mid,573,09:33,34.12515560341084,22.1427568704832,214,14870,26,84,11.982398732927638
2_mid,574,09:34,33.852995325053335,21.832983874204043,214,14739,26,84,12.020011450849292
2_mid,575,09:35,33.649531849334764,22.058899066353128,214,14668,22,84,11.590632782981636
2_mid,576,09:36,33.34729539032783,21.9202747919961,214,14768,25,84,11.42702059833173
2_mid,577,09:37,33.196042045854604,21.76268527159783,214,14643,27,84,11.433356774256772
2_mid,578,09:38,32.629411869711205,21.556827492494072,214,14576,28,83,11.072584377217133
2_mid,579,09:39,32.83609410076237,21.5204500907338,214,14622,30,83,11.315644010028567
2_mid,580,09:40,33.036544115670054,21.03575996729981,214,14667,26,84,12.000784148370244
2_mid,581,09:41,32.87052172376775,20.89481911820913,214,14553,28,83,11.97570260555862
2_mid,582,09:42,32.51544905278298,21.030681981553954,214,14436,27,84,11.484767071229022
2_mid,583,09:43,32.4200954577113,20.849036151867242,214,14576,27,84,11.571059305844056
2_mid,584,09:44,32.362388757175644,20.983041965991582,214,14321,26,83,11.379346791184062
2_mid,585,09:45,32.19212992000094,20.826334626218518,214,14433,26,84,11.36579529378242
2_mid,586,09:46,31.9609976229202,20.850993403476355,214,14316,31,84,11.110004219443844
2_mid,587,09:47,31.48678539077599,20.822870819128944,214,14276,25,84,10.663914571647044
2_mid,588,09:48,31.42242539567646,20.649036829314834,214,14393,24,84,10.773388566361625
2_mid,589,09:49,31.225203648867737,20.54933787356833,214,14217,26,82,10.675865775299407
2_mid,590,09:50,31.78149105957895,20.406860809039415,214,14326,27,83,11.374630250539536
2_mid,591,09:51,31.345031585304802,20.235599837792478,214,14175,23,84,11.109431747512325
2_mid,592,09:52,30.848322022870136,20.345444035208402,214,14160,28,84,10.502877987661734
2_mid,593,09:53,31.07311052260537,20.414344713109042,214,14106,30,83,10.658765809496327
2_mid,594,09:54,31.17951709158857,20.205685987511337,214,14187,30,83,10.973831104077231
2_mid,595,09:55,31.763098706252674,20.810172299607306,214,14280,28,84,10.952926406645368
2_mid,596,09:56,31.685345881415458,20.705656567184803,214,14013,28,84,10.979689314230654
2_mid,597,09:57,31.22481103100344,20.602332243219447,214,14044,23,83,10.622478787783994
2_mid,598,09:58,31.709727007817076,20.717176878383754,214,14040,29,84,10.992550129433322
2_mid,599,09:59,30.71128018086216,20.57807168693151,214,13818,28,83,10.133208493930653
2_mid,600,10:00,31.760398980020977,21.054596870779054,214,14364,23,83,10.705802109241922
2_mid,601,10:01,32.376933724578635,21.167759551871587,214,14027,29,83,11.209174172707048
2_mid,602,10:02,31.72480645642638,20.962252748665993,214,13916,26,84,10.762553707760386
2_mid,603,10:03,31.554541809939565,20.951596931171245,214,13874,25,83,10.60294487876832
2_mid,604,10:04,31.95027184580227,20.785622213649354,214,14069,30,83,11.164649632152916
2_mid,605,10:05,32.49666754998633,21.267314136693816,214,13970,27,83,11.229353413292511
2_mid,606,10:06,32.6113839050302,21.313372984040697,214,14061,23,82,11.298010920989505
2_mid,607,10:07,31.75087212107408,20.6681032243446,214,13665,27,83,11.082768896729483
2_mid,608,10:08,31.081046876603235,20.500952708026453,214,13599,26,82,10.580094168576782
2_mid,609,10:09,30.879398699549682,20.381069959586668,214,13574,27,84,10.498328739963014
2_mid,610,10:10,31.805268707686274,20.30134189441062,214,13772,25,84,11.503926813275655
2_mid,611,10:11,31.120612846954337,19.982105907518303,214,13609,27,83,11.138506939436034
2_mid,612,10:12,30.911751296481523,20.153835468269246,214,13555,28,83,10.757915828212276
2_mid,613,10:13,31.629498710293294,20.284720956966016,214,13383,28,83,11.344777753327278
2_mid,614,10:14,31.054416668133857,20.078558095637277,214,13416,23,83,10.97585857249658
2_mid,615,10:15,31.395654883934448,20.209463964586828,214,13381,27,82,11.18619091934762
2_mid,616,10:16,30.731247632088078,20.141090947045534,214,13209,27,81,10.590156685042544
2_mid,617,10:17,30.82841264567246,20.11352908236904,214,13190,26,82,10.71488356330342
2_mid,618,10:18,31.145063967831167,20.182468320318844,214,13095,25,82,10.962595647512323
2_mid,619,10:19,30.681182114938487,20.16946949193061,214,13068,26,83,10.511712623007877
2_mid,620,10:20,30.89501070713368,19.927653836878527,214,13187,23,82,10.967356870255152
2_mid,621,10:21,31.64900250064561,19.920346787358838,214,13243,29,82,11.728655713286773
2_mid,622,10:22,31.369716369764834,19.827042475754215,214,13048,29,83,11.542673894010619
2_mid,623,10:23,31.73406115794217,19.941346445388213,214,13179,26,83,11.792714712553956
2_mid,624,10:24,31.07798977298652,19.938266389575666,214,13004,29,82,11.139723383410853
2_mid,625,10:25,30.815818780258752,19.962504120966447,214,13060,26,82,10.853314659292305
2_mid,626,10:26,30.572485365663617,19.93092052294933,214,13037,27,83,10.641564842714288
2_mid,627,10:27,30.783571037073653,20.102983628765184,214,12997,24,81,10.680587408308469
2_mid,628,10:28,30.656059529824358,19.899627935368674,214,12923,25,82,10.756431594455684
2_mid,629,10:29,30.716523677186068,20.058165674147958,214,12917,25,83,10.65835800303811
2_mid,630,10:30,31.60959076650913,20.107279273770374,214,13466,24,82,11.502311492738755
2_mid,631,10:31,31.71804831102015,20.15634403918657,214,13076,25,82,11.56170427183358
2_mid,632,10:32,31.743690442873515,20.101753446867782,214,13120,28,82,11.641936996005732
2_mid,633,10:33,31.653025685897834,20.092189000849086,214,13075,28,80,11.560836685048749
2_mid,634,10:34,31.405698095883615,19.980738138132523,214,12980,27,79,11.424959957751092
2_mid,635,10:35,31.087837201034336,20.114476743776706,214,12900,26,81,10.97336045725763
2_mid,636,10:36,30.948607649735592,20.356020809287248,214,12848,25,81,10.592586840448345
2_mid,637,10:37,30.58735939877607,20.033984796077466,214,12754,27,82,10.553374602698604
2_mid,638,10:38,30.87881830195593,19.972803874079105,214,12775,27,83,10.906014427876826
2_mid,639,10:39,30.243977902400232,19.858475551622547,214,12573,24,81,10.385502350777685
2_mid,640,10:40,30.53861976462446,19.978663416437588,214,12767,28,80,10.559956348186873
2_mid,641,10:41,31.108627869324124,19.688762960624192,214,12634,25,82,11.419864908699932
2_mid,642,10:42,30.453234393599345,19.948243410317872,214,12619,29,80,10.504990983281473
2_mid,643,10:43,30.43708567914805,19.865015622357017,214,12624,25,82,10.572070056791034
2_mid,644,10:44,30.941556912670297,20.170061513558768,214,12641,26,82,10.77149539911153
2_mid,645,10:45,30.886195915795007,20.13861539329519,214,12782,27,83,10.747580522499817
2_mid,646,10:46,29.969030165143888,20.02155543358663,214,12608,22,81,9.947474731557257
2_mid,647,10:47,30.55730584881869,19.93242344567466,214,12616,23,81,10.624882403144028
2_mid,648,10:48,30.501907849486006,19.944558316147795,214,12554,25,83,10.557349533338211
2_mid,649,10:49,30.266590644768232,20.12466903170555,214,12635,28,83,10.141921613062681
2_mid,650,10:50,30.994003462316407,19.92691326808494,214,12955,25,82,11.067090194231465
2_mid,651,10:51,30.874814944501757,19.605874159508918,214,12655,27,79,11.26894078499284
2_mid,652,10:52,30.601237325584687,19.634672371995535,214,12701,24,80,10.966564953589153
2_mid,653,10:53,30.893632342138957,19.62520117115411,214,12558,24,82,11.268431170984847
2_mid,654,10:54,30.290312622771683,19.445820575388858,214,12489,24,81,10.844492047382825
2_mid,655,10:55,30.30502582360055,19.702136359615217,214,12489,23,80,10.602889463985331
2_mid,656,10:56,30.165175455826944,19.476640297191366,214,12424,22,81,10.688535158635577
2_mid,657,10:57,30.43983354414553,19.69042758061914,214,12561,23,81,10.749405963526389
2_mid,658,10:58,29.89262235085207,19.488084503672717,214,12429,28,80,10.404537847179352
2_mid,659,10:59,30.1347143892194,19.729765240701518,214,12441,21,81,10.404949148517883
2_mid,660,11:00,30.922866450876974,20.22740311333297,214,12931,24,81,10.695463337544005
2_mid,661,11:01,31.21516756195971,20.176348257529188,214,12617,25,82,11.038819304430522
2_mid,662,11:02,30.987491828549953,19.72542030763734,214,12234,25,80,11.262071520912613
2_mid,663,11:03,30.14316344384179,19.720827763577915,214,12326,22,82,10.422335680263874
2_mid,664,11:04,30.460177694393483,19.746976059800215,214,12331,27,82,10.713201634593268
2_mid,665,11:05,30.621998976156494,19.764312063386395,214,12441,23,80,10.857686912770099
2_mid,666,11:06,30.14803584965397,19.768864985250325,214,12070,23,82,10.379170864403644
2_mid,667,11:07,29.93431166666404,19.606834456895466,214,12077,25,81,10.327477209768574
2_mid,668,11:08,29.593923211068116,19.64638632506962,214,11996,26,80,9.947536885998495
2_mid,669,11:09,29.173031022463267,19.472741356857284,214,11962,26,78,9.700289665605982
2_mid,670,11:10,29.551651610578187,19.38866492230383,214,12165,25,81,10.162986688274358
2_mid,671,11:11,29.353535541894395,19.369669407659195,214,11995,24,79,9.9838661342352
2_mid,672,11:12,29.399482679071376,19.529679956583266,214,11948,23,79,9.86980272248811
2_mid,673,11:13,29.508902351196692,19.414265465610736,214,11873,21,79,10.094636885585956
2_mid,674,11:14,29.407000071476148,19.530833015106577,214,11798,17,77,9.876167056369571
2_mid,675,11:15,29.452563220855883,19.638314315680205,214,11936,27,81,9.814248905175678
2_mid,676,11:16,29.45593969543416,19.5417288130014,214,11935,26,80,9.914210882432762
2_mid,677,11:17,29.618505522637466,19.5208080359909,214,11824,25,80,10.097697486646567
2_mid,678,11:18,29.171079007380193,19.55163527371965,214,11820,22,78,9.619443733660543
2_mid,679,11:19,29.50635178181816,19.444405476206747,214,11755,22,78,10.061946305611414
2_mid,680,11:20,29.784288950716206,19.55330331676391,214,11891,25,81,10.230985633952297
2_mid,681,11:21,29.722900804399327,19.478373887053575,214,11854,27,78,10.244526917345752
2_mid,682,11:22,29.65102296403986,19.522881942106004,214,11478,26,80,10.128141021933857
2_mid,683,11:23,29.43816830535869,19.337912681492465,214,11533,24,78,10.100255623866225
2_mid,684,11:24,29.097755930438225,19.33292624720809,214,11491,27,77,9.764829683230136
2_mid,685,11:25,28.873417603242693,19.42871448168764,214,11665,24,78,9.444703121555055
2_mid,686,11:26,29.2319748796646,19.519556436392474,214,11619,23,77,9.712418443272128
2_mid,687,11:27,29.202548236050337,19.3454167169052,214,11476,24,77,9.857131519145138
2_mid,688,11:28,28.600751311632372,19.4388949430149,214,11288,22,77,9.161856368617471
2_mid,689,11:29,28.695999629086874,19.252491397665274,214,11271,27,79,9.4435082314216
2_mid,690,11:30,29.127178992166748,19.585545482844775,214,11583,26,78,9.541633509321972
2_mid,691,11:31,29.626307066826737,19.213722162196003,214,11239,21,77,10.412584904630734
2_mid,692,11:32,29.759159658470217,19.114901471513704,214,11337,21,76,10.644258186956513
2_mid,693,11:33,29.666539993373128,19.251719708226357,214,11189,22,82,10.41482028514677
2_mid,694,11:34,28.976382221121394,19.040201746570023,214,11080,23,80,9.93618047455137
2_mid,695,11:35,29.21827144659105,19.189153463772143,214,11282,22,76,10.029117982818907
2_mid,696,11:36,29.183143729347908,19.327427968041388,214,11201,23,78,9.85571576130652
2_mid,697,11:37,28.9243688597251,18.991574802702175,214,10922,25,76,9.932794057022925
2_mid,698,11:38,28.227552964063396,19.240649767085408,214,10930,20,78,8.986903196977988
2_mid,699,11:39,28.120768291604374,19.098201771284824,214,10944,20,76,9.02256652031955
2_mid,700,11:40,28.67918501833253,19.22060289817133,214,11020,22,78,9.4585821201612
2_mid,701,11:41,28.540012843510212,19.063089070162295,214,11097,20,76,9.476923773347917
2_mid,702,11:42,28.69212618960486,18.917145024006896,214,11015,24,79,9.774981165597964
2_mid,703,11:43,28.344389480248477,18.913502506849905,214,10855,19,77,9.430886973398572
2_mid,704,11:44,28.308565579599737,18.986091036416397,214,10863,21,77,9.32247454318334
2_mid,705,11:45,27.991174680866138,19.07512486288958,214,11195,21,79,8.916049817976557
2_mid,706,11:46,28.05113460488561,19.00043006487134,214,10957,20,76,9.050704540014273
2_mid,707,11:47,28.116634251825918,19.275819152038338,214,11051,25,77,8.84081509978758
2_mid,708,11:48,27.852550422924903,19.10497252229538,214,11011,21,76,8.747577900629523
2_mid,709,11:49,28.97905998391298,19.16151623036805,214,10980,25,76,9.817543753544928
2_mid,710,11:50,28.06745251670765,18.9793893584957,214,11009,24,76,9.088063158211952
2_mid,711,11:51,28.013087176149227,18.807585377551455,214,10747,22,77,9.205501798597773
2_mid,712,11:52,28.50534078743318,18.786470400017485,214,11054,22,76,9.718870387415695
2_mid,713,11:53,28.979777804716164,19.14086617859041,214,10854,23,77,9.838911626125753
2_mid,714,11:54,28.138236734262815,18.844440867265796,214,10662,24,77,9.29379586699702
2_mid,715,11:55,27.924759725002982,18.98407702260554,214,10720,23,79,8.940682702397442
2_mid,716,11:56,28.394757382655172,19.133816624610997,214,10719,20,78,9.260940758044175
2_mid,717,11:57,28.026491567555635,18.91053826728637,214,10613,19,75,9.115953300269265
2_mid,718,11:58,27.96522085989326,18.766169224135073,214,10608,24,75,9.199051635758188
2_mid,719,11:59,28.012680175887017,19.1246060750835,214,10579,20,76,8.888074100803518
2_mid,720,12:00,28.890406013431686,19.11588228481816,214,11010,23,76,9.774523728613527
2_mid,721,12:01,28.315186373388656,18.77210316099001,214,10613,19,77,9.543083212398646
2_mid,722,12:02,28.977295849822028,18.85908042821152,214,10582,22,75,10.118215421610508
2_mid,723,12:03,29.150900898140666,18.877273888548462,214,10590,23,74,10.273627009592204
2_mid,724,12:04,28.579115001463354,18.80515204592093,214,10474,21,74,9.773962955542423
2_mid,725,12:05,28.365025856161576,18.973295833579346,214,10599,23,76,9.39173002258223
2_mid,726,12:06,28.311120742169212,18.940263212747354,214,10674,21,76,9.370857529421858
2_mid,727,12:07,28.3908630382589,19.01699983885147,214,10552,20,73,9.373863199407431
2_mid,728,12:08,28.74965889123229,19.13522768647466,214,10499,21,75,9.61443120475763
2_mid,729,12:09,28.37884531770769,19.162474688249226,214,10622,21,74,9.216370629458464
2_mid,730,12:10,28.578915444448956,19.246508832870845,214,10565,20,74,9.332406611578111
2_mid,731,12:11,28.556071161028818,18.98893861074305,214,10334,22,76,9.56713255028577
2_mid,732,12:12,28.56820315255782,18.824790913363664,214,10385,22,73,9.743412239194157
2_mid,733,12:13,28.32030913143565,18.699535667167112,214,10388,21,75,9.620773464268538
2_mid,734,12:14,27.74593180748173,18.810321252639962,214,10302,17,73,8.935610554841766
2_mid,735,12:15,28.096251038454994,19.042492861981014,214,10618,21,76,9.05375817647398
2_mid,736,12:16,27.90301919629669,18.810682703724463,214,10456,22,73,9.092336492572226
2_mid,737,12:17,27.626001145237108,18.81683643278706,214,10605,17,77,8.809164712450048
2_mid,738,12:18,27.222788598033965,18.696867194597207,214,10316,22,72,8.525921403436758
2_mid,739,12:19,27.24728648112364,18.65129504981354,214,10342,20,71,8.5959914313101
2_mid,740,12:20,27.314465777343063,18.789324661339943,214,10645,20,72,8.52514111600312
2_mid,741,12:21,27.41826704408522,18.66270100999665,214,10453,21,75,8.75556603408857
2_mid,742,12:22,26.76314689024702,18.527284423545517,214,10284,20,74,8.235862466701505
2_mid,743,12:23,27.182703685895945,18.691781360929767,214,10418,21,76,8.490922324966178
2_mid,744,12:24,27.295197124646844,18.859310425786404,214,10392,21,73,8.43588669886044
2_mid,745,12:25,26.860509287745902,18.726775605596103,214,10351,17,75,8.1337336821498
2_mid,746,12:26,26.56693445858523,18.901982081731866,214,10490,20,72,7.664952376853364
2_mid,747,12:27,26.695506362282508,18.744124928477465,214,10504,22,75,7.951381433805043
2_mid,748,12:28,26.810604266349014,18.785196418058277,214,10614,18,75,8.025407848290737
2_mid,749,12:29,27.00980009498146,18.911775097121158,214,10506,20,76,8.098024997860303
2_mid,750,12:30,27.6346111264793,19.167402909322405,214,10937,21,75,8.467208217156895
2_mid,751,12:31,27.19187220743744,18.90277178449764,214,10533,22,74,8.2891004229398
2_mid,752,12:32,28.174036578172974,18.745285734670656,214,10700,21,74,9.428750843502318
2_mid,753,12:33,27.377957753726665,18.691345796222173,214,10750,25,76,8.686611957504493
2_mid,754,12:34,27.08209223762268,18.809271481291983,214,10582,21,77,8.272820756330695
2_mid,755,12:35,26.751446585283112,18.627227346465837,214,10583,19,75,8.124219238817275
2_mid,756,12:36,26.54729179348033,18.514802146067925,214,10543,22,74,8.032489647412405
2_mid,757,12:37,26.585265192951354,18.416107794699382,214,10544,21,73,8.169157398251972
2_mid,758,12:38,26.25444070179656,18.431034924787742,214,10441,19,76,7.823405777008819
2_mid,759,12:39,26.14830643049177,18.520412810807333,214,10395,22,72,7.627893619684436
2_mid,760,12:40,26.469418586878675,18.444402920462807,214,10565,25,74,8.025015666415868
2_mid,761,12:41,26.53864484268449,18.71333866852692,214,10708,24,72,7.825306174157571
2_mid,762,12:42,26.68412521098442,18.65861960508773,214,10578,22,75,8.02550560589669
2_mid,763,12:43,26.748765519685488,18.439680098123823,214,10553,22,77,8.309085421561665
2_mid,764,12:44,26.657414650438074,18.554895606200603,214,10675,22,74,8.102519044237471
2_mid,765,12:45,26.763662548642735,18.786718739738344,214,10791,21,77,7.976943808904391
2_mid,766,12:46,27.299327031079493,18.779645850952253,214,10764,22,73,8.51968118012724
2_mid,767,12:47,26.817170696294795,18.604499190681754,214,10626,18,78,8.212671505613041
2_mid,768,12:48,26.538279038345795,18.656274131031754,214,10517,19,76,7.882004907314041
2_mid,769,12:49,26.639655677863328,18.798608633770385,214,10611,21,75,7.841047044092942
2_mid,770,12:50,26.72702733544525,18.802138495797415,214,10765,21,78,7.924888839647835
2_mid,771,12:51,26.46054791221756,18.623457451392245,214,10732,22,77,7.837090460825316
2_mid,772,12:52,27.136139833583158,18.62742184873703,214,10834,23,77,8.508717984846129
2_mid,773,12:53,26.611544883411113,18.55904984478004,214,10749,21,77,8.052495038631072
2_mid,774,12:54,26.049983685306415,18.489889177623684,214,10626,17,75,7.560094507682731
2_mid,775,12:55,26.81076664472152,18.95273038137812,214,10859,20,75,7.858036263343401
2_mid,776,12:56,26.655308065572537,18.641603728976712,214,10873,20,76,8.013704336595826
2_mid,777,12:57,26.650569475846673,18.59446373284779,214,10803,18,77,8.056105742998884
2_mid,778,12:58,26.93693221648776,18.75316045059534,214,10785,25,77,8.18377176589242
2_mid,779,12:59,26.642205409952744,18.612677604502295,214,10874,22,76,8.02952780545045
2_mid,780,13:00,27.421608709512707,19.27876951172624,214,11280,22,78,8.142839197786468
2_mid,781,13:01,27.421949054823497,18.733067539590362,214,10809,23,75,8.688881515233135
2_mid,782,13:02,27.43495822277327,18.411025219659653,214,10768,22,75,9.023933003113616
2_mid,783,13:03,27.832586920762548,18.56205069779046,214,10973,22,75,9.270536222972087
2_mid,784,13:04,27.72432088115444,18.56037414191085,214,10743,19,76,9.163946739243592
2_mid,785,13:05,28.17141362108451,18.889124847278456,214,11057,22,75,9.282288773806055
2_mid,786,13:06,27.891234451379162,18.94744722359833,214,11026,21,75,8.943787227780831
2_mid,787,13:07,27.90742289560159,18.759321183321784,214,10834,19,74,9.148101712279807
2_mid,788,13:08,28.122440602929174,18.87927090284284,214,11050,22,75,9.243169700086334
2_mid,789,13:09,27.60092309184011,18.79045246022009,214,10962,21,79,8.810470631620017
2_mid,790,13:10,27.7832328209527,18.802268903191216,214,11096,23,73,8.980963917761486
2_mid,791,13:11,27.74986652186427,18.461002642865584,214,10844,19,79,9.288863878998686
2_mid,792,13:12,27.791460696791354,18.412101737814236,214,10976,24,77,9.379358958977118
2_mid,793,13:13,27.846321182207035,18.38749000968821,214,10988,22,75,9.458831172518824
2_mid,794,13:14,27.625071221104715,18.625314294079267,214,10950,22,74,8.999756927025448
2_mid,795,13:15,27.188779110360468,18.598024366924484,214,11150,19,76,8.590754743435983
2_mid,796,13:16,27.445091340892372,18.618924303304517,214,11144,22,78,8.826167037587854
2_mid,797,13:17,27.181682793776023,18.560911785948388,214,10946,23,76,8.620771007827635
2_mid,798,13:18,27.228954092737318,18.477939600914702,214,10875,23,76,8.751014491822616
2_mid,799,13:19,27.225178798743052,18.62751922521846,214,10965,24,78,8.597659573524592
2_mid,800,13:20,27.261514710457117,18.626223976926795,214,11005,25,78,8.635290733530322
2_mid,801,13:21,27.207766728689858,18.439527621618193,214,11189,23,78,8.768239107071665
2_mid,802,13:22,27.038129694911948,18.366560415108456,214,11109,21,78,8.671569279803492
2_mid,803,13:23,27.311037312620552,18.79988725612969,214,11110,20,77,8.511150056490862
2_mid,804,13:24,27.693622287022258,18.823095273616474,214,11144,24,76,8.870527013405784
2_mid,805,13:25,27.040236281772156,18.801226563288363,214,11129,24,78,8.239009718483793
2_mid,806,13:26,27.25381638235883,18.73882658673409,214,11254,22,81,8.514989795624743
2_mid,807,13:27,27.74192542909463,18.852203328409882,214,11174,21,78,8.889722100684747
2_mid,808,13:28,27.131132566081202,18.767203844936155,214,10804,23,75,8.363928721145047
2_mid,809,13:29,27.190033184168826,18.72625422315223,214,10971,26,78,8.463778961016594
2_mid,810,13:30,27.19150649623637,18.568710478561943,214,11205,21,76,8.622796017674428
2_mid,811,13:31,27.080369993642282,18.40875512000187,214,10944,24,74,8.671614873640412
2_mid,812,13:32,27.217346914784745,18.461762388100965,214,11058,22,76,8.75558452668378
2_mid,813,13:33,27.24483091578768,18.510986600592908,214,11008,23,76,8.733844315194773
2_mid,814,13:34,26.727481328925023,18.589482205796163,214,10972,22,76,8.13799912312886
2_mid,815,13:35,26.795638859734655,18.661900828293696,214,10966,22,74,8.13373803144096
2_mid,816,13:36,27.067219095839654,18.719755391930498,214,11026,21,80,8.347463703909156
2_mid,817,13:37,26.62527363261449,18.454444692788577,214,10975,22,77,8.170828939825913
2_mid,818,13:38,26.324112015618834,18.384036831264954,214,10940,22,76,7.94007518435388
2_mid,819,13:39,26.46140906937884,18.495038267305357,214,10859,23,76,7.966370802073481
2_mid,820,13:40,27.221280792067642,18.41475078305274,214,11288,19,81,8.806530009014903
2_mid,821,13:41,26.78717348504148,18.26488129350619,214,11180,21,75,8.522292191535293
2_mid,822,13:42,27.081095139029234,18.394139419096444,214,10971,22,77,8.68695571993279
2_mid,823,13:43,27.141150300841417,18.51888497434937,214,11003,23,76,8.622265326492048
2_mid,824,13:44,26.89339774632873,18.356391868580218,214,10966,21,78,8.537005877748513
2_mid,825,13:45,26.898387969717835,18.618342620515907,214,11163,19,76,8.280045349201927
2_mid,826,13:46,26.61607810767208,18.488682174002367,214,10996,22,74,8.127395933669714
2_mid,827,13:47,26.934755682215226,18.577676632955427,214,11074,22,78,8.357079049259799
2_mid,828,13:48,27.047919322629394,18.485567915155674,214,10885,23,76,8.56235140747372
2_mid,829,13:49,27.105376484898922,18.698359707707166,214,10978,20,75,8.407016777191757
2_mid,830,13:50,26.965604521643034,18.60797452019853,214,11131,23,77,8.357630001444505
2_mid,831,13:51,27.17471020304281,18.533449935985356,214,11153,22,78,8.641260267057454
2_mid,832,13:52,27.463651686833227,18.58338891497976,214,11105,25,78,8.880262771853467
2_mid,833,13:53,27.012114409290835,18.239151953760764,214,10842,20,75,8.77296245553007
2_mid,834,13:54,26.969188717892436,18.34393835916706,214,11115,16,78,8.625250358725378
2_mid,835,13:55,26.769529666247532,18.64755137575282,214,11178,22,77,8.121978290494713
2_mid,836,13:56,27.070330367551943,18.725788085319103,214,11117,22,76,8.34454228223284
2_mid,837,13:57,27.14964522690549,18.669778995465247,214,11139,21,76,8.479866231440244
2_mid,838,13:58,26.910447954960784,18.43777342399844,214,11037,22,79,8.472674530962344
2_mid,839,13:59,27.008983197347177,18.74993253148615,214,11169,20,80,8.259050665861029
2_mid,840,14:00,27.77398856976738,19.274437104406974,214,11699,23,76,8.499551465360405
2_mid,841,14:01,27.61188302747241,18.785514038989604,214,11299,24,78,8.826368988482805
2_mid,842,14:02,27.91123515815658,18.95149139839248,214,11259,22,78,8.959743759764098
2_mid,843,14:03,27.8887390145995,18.636675352003806,214,11153,20,77,9.252063662595695
2_mid,844,14:04,27.25445375321065,18.72266406617149,214,10963,18,77,8.531789687039161
2_mid,845,14:05,27.630342812367765,18.786130274443153,214,11300,24,76,8.844212537924612
2_mid,846,14:06,27.91559278230678,19.187877857505487,214,11416,22,80,8.727714924801294
2_mid,847,14:07,27.23324941338415,19.05486035944606,214,11273,22,78,8.17838905393809
2_mid,848,14:08,27.526613396640382,19.028648830580835,214,11266,21,77,8.497964566059547
2_mid,849,14:09,27.516453168219947,18.935577730208127,214,11452,21,76,8.58087543801182
2_mid,850,14:10,27.55521345010958,18.659171587179184,214,11517,24,79,8.896041862930396
2_mid,851,14:11,28.155731138726573,18.867951496821604,214,11466,23,79,9.287779641904969
2_mid,852,14:12,27.999089457422997,19.011243170481347,214,11537,22,79,8.98784628694165
2_mid,853,14:13,27.605786690303297,18.643937220126794,214,11332,24,76,8.961849470176503
2_mid,854,14:14,27.57975235049121,18.723528496911875,214,11317,21,78,8.856223853579333
2_mid,855,14:15,28.03325356263899,19.09764383396733,214,11572,25,80,8.935609728671661
2_mid,856,14:16,28.025014644580835,19.025551815990276,214,11444,23,78,8.99946282859056
2_mid,857,14:17,28.200410482747806,19.075122143037294,214,11343,20,79,9.125288339710512
2_mid,858,14:18,28.090629326429653,18.805564214581526,214,11475,23,80,9.285065111848127
2_mid,859,14:19,28.126109078370657,18.937729261199063,214,11367,22,79,9.188379817171594
2_mid,860,14:20,28.242097610151394,19.17274022170325,214,11858,23,78,9.069357388448143
2_mid,861,14:21,28.06567516236287,19.096891456225503,214,11584,22,80,8.968783706137366
2_mid,862,14:22,28.47666144697755,19.12823466394806,214,11644,23,80,9.348426783029488
2_mid,863,14:23,28.393946882473234,18.94540204446129,214,11714,24,80,9.448544838011944
2_mid,864,14:24,27.808504210692156,18.83142903079665,214,11550,22,79,8.977075179895508
2_mid,865,14:25,27.785877130434155,18.99965400186596,214,11753,23,78,8.786223128568196
2_mid,866,14:26,27.92923299375087,18.996188666798858,214,11737,24,80,8.933044326952011
2_mid,867,14:27,27.66932955202604,19.24165804954819,214,11577,23,76,8.42767150247785
2_mid,868,14:28,27.84371781199185,19.071529975535363,214,11592,24,77,8.772187836456489
2_mid,869,14:29,27.832497130608562,19.401074429836253,214,11722,18,78,8.431422700772309
2_mid,870,14:30,29.15331735496509,19.484985821504424,214,12326,22,82,9.668331533460666
2_mid,871,14:31,28.50059089354673,19.18651133063417,214,11996,22,80,9.31407956291256
2_mid,872,14:32,28.10014026747237,19.08715648130242,214,11876,22,81,9.01298378616995
2_mid,873,14:33,28.32039320004822,19.065523889444272,214,11847,23,77,9.254869310603947
2_mid,874,14:34,28.10053122162595,18.93643190452765,214,11884,22,79,9.164099317098298
2_mid,875,14:35,29.29085219213836,19.496520894534957,214,12086,18,82,9.794331297603403
2_mid,876,14:36,28.994773353336033,19.412326888339802,214,11861,24,80,9.58244646499623
2_mid,877,14:37,28.180695598566672,19.009617835094613,214,11613,21,79,9.17107776347206
2_mid,878,14:38,27.931488981490027,18.810275223668384,214,11620,21,77,9.121213757821643
2_mid,879,14:39,27.487217701976267,18.8579749060105,214,11669,22,81,8.629242795965766
2_mid,880,14:40,27.810176827420488,18.81242866934521,214,11698,22,76,8.997748158075279
2_mid,881,14:41,27.327310073332796,18.886711576719733,214,11790,24,79,8.440598496613063
2_mid,882,14:42,27.796501957055565,19.183552724455478,214,11856,23,80,8.612949232600087
2_mid,883,14:43,27.605678913071795,19.05893703910907,214,11658,21,80,8.546741873962723
2_mid,884,14:44,27.695421236441323,18.828453807713643,214,11774,25,78,8.86696742872768
2_mid,885,14:45,27.627585138394203,19.275226849625657,214,11886,23,79,8.352358288768546
2_mid,886,14:46,27.94635972912494,19.01273552741907,214,12008,25,81,8.933624201705868
2_mid,887,14:47,27.69230346671554,19.197564732143853,214,11854,22,80,8.494738734571687
2_mid,888,14:48,27.887715830239507,19.08997179681808,214,12121,25,81,8.797744033421427
2_mid,889,14:49,27.34031498773801,19.24570078315842,214,11877,23,80,8.094614204579592
2_mid,890,14:50,27.98687944772843,19.358295392394464,214,12184,25,80,8.628584055333967
2_mid,891,14:51,27.937340909608878,19.262912631285,214,12166,26,81,8.674428278323877
2_mid,892,14:52,27.904850144909805,19.390419054166053,214,11997,21,79,8.514431090743752
2_mid,893,14:53,27.459302191052302,19.300995367861514,214,11954,24,82,8.158306823190788
2_mid,894,14:54,27.58948336115416,19.335945966367,214,12159,22,82,8.253537394787159
2_mid,895,14:55,27.615683688743207,19.440518169684793,214,12293,22,81,8.175165519058414
2_mid,896,14:56,27.138982113833,19.420292503069692,214,12094,24,79,7.718689610763306
2_mid,897,14:57,26.648692507792553,19.201460250315094,214,12044,24,78,7.447232257477459
2_mid,898,14:58,26.719472970129747,19.20947509762448,214,11977,26,79,7.5099978725052665
2_mid,899,14:59,26.609723570891717,19.226163430579184,214,12136,27,82,7.383560140312532
2_mid,900,15:00,27.653797812801848,19.97595074099922,214,12814,22,82,7.677847071802628
2_mid,901,15:01,27.182433464990073,19.742736076198852,214,12310,26,82,7.43969738879122
2_mid,902,15:02,27.317092448875623,19.850901031072276,214,12473,22,80,7.466191417803348
2_mid,903,15:03,27.156901419792764,19.569608189515485,214,12522,23,83,7.587293230277279
2_mid,904,15:04,27.326429494155153,19.7331631442667,214,12691,24,81,7.593266349888452
2_mid,905,15:05,27.184568865525495,19.62455353320249,214,12841,21,81,7.560015332323005
2_mid,906,15:06,26.96021181204413,19.702991955063375,214,12699,27,83,7.257219856980754
2_mid,907,15:07,26.862296415391057,19.665194249621212,214,12752,27,80,7.197102165769845
2_mid,908,15:08,26.587505679589352,19.651970601517068,214,12906,24,82,6.935535078072284
2_mid,909,15:09,26.232549111309368,19.81762744269957,214,12916,22,83,6.4149216686097965
2_mid,910,15:10,26.392799729914643,20.038648608976736,214,13167,23,83,6.354151120937907
2_mid,911,15:11,26.47659897020013,20.141549853897875,214,13090,27,82,6.335049116302255
2_mid,912,15:12,26.369914774017296,20.352556703383176,214,13214,27,82,6.0173580706341205
2_mid,913,15:13,26.71512970862592,20.60644210970727,214,13311,24,84,6.1086875989186495
2_mid,914,15:14,26.76138125280097,20.679001806167268,214,13486,27,84,6.082379446633702
2_mid,915,15:15,27.83150994649545,21.10893712126684,214,13994,26,82,6.72257282522861
2_mid,916,15:16,28.80766271480653,22.064922721601306,214,13912,22,84,6.742739993205223
2_mid,917,15:17,30.277976966998228,23.933484976811634,214,14285,24,84,6.344491990186594
2_mid,918,15:18,31.195420778663376,26.230968566083824,214,14664,26,83,4.964452212579552
2_mid,919,15:19,36.21104800154758,32.12192717185481,214,15771,26,83,4.089120829692774
3_high,540,09:00,48.832718646673,30.69090098655778,215,16176,24,84,18.141817660115223
3_high,541,09:01,42.89664187484788,26.260953702304775,215,16095,23,84,16.635688172543105
3_high,542,09:02,36.5749596415291,24.042848368484606,215,16087,23,84,12.532111273044492
3_high,543,09:03,32.67318024096325,22.989157937825944,215,16271,24,84,9.684022303137304
3_high,544,09:04,29.77042898801591,21.42723058317836,215,16286,25,84,8.343198404837551
3_high,545,09:05,28.778925920500292,21.109671438961055,215,16286,25,84,7.669254481539237
3_high,546,09:06,27.440878264769513,20.616528961731582,215,16281,25,84,6.8243493030379305
3_high,547,09:07,26.333930433756326,19.787654809319378,215,16265,25,84,6.546275624436948
3_high,548,09:08,25.076203758910346,19.451716790664562,215,16260,25,84,5.624486968245783
3_high,549,09:09,24.95673397257817,19.160534663156582,215,16260,25,84,5.7961993094215885
3_high,550,09:10,25.29772253880773,19.12275690152446,215,16270,25,84,6.174965637283268
3_high,551,09:11,26.5548343924264,19.536932206492796,215,16288,25,84,7.017902185933604
3_high,552,09:12,25.640759343934317,19.077582020749514,215,16265,25,84,6.563177323184803
3_high,553,09:13,24.87921092017517,18.768369502035142,215,16250,25,84,6.110841418140026
3_high,554,09:14,24.368312913606903,18.404762960498612,215,16244,25,84,5.963549953108291
3_high,555,09:15,24.745634386605825,18.54490057246493,215,16256,25,84,6.2007338141408965
3_high,556,09:16,24.596012651343305,18.51149548254658,215,16243,25,84,6.084517168796726
3_high,557,09:17,24.168274994077343,18.275028241032615,215,16247,25,84,5.893246753044728
3_high,558,09:18,23.707344991155598,17.97536062551407,215,16219,25,84,5.731984365641527
3_high,559,09:19,23.202392133106923,17.759758604532962,215,16253,25,84,5.44263352857396
3_high,560,09:20,23.341380170080637,17.752016980077606,215,16283,25,84,5.589363190003031
3_high,561,09:21,23.42033369016442,17.85832061906322,215,16256,25,84,5.562013071101198
3_high,562,09:22,22.9989243817314,17.623899128095996,215,16210,25,84,5.375025253635403
3_high,563,09:23,22.77574358286311,17.485452319162512,215,16241,25,84,5.290291263700599
3_high,564,09:24,22.621201253814426,17.45939960054324,215,16231,25,84,5.161801653271187
3_high,565,09:25,22.61695232186712,17.304047926568913,215,16263,25,84,5.312904395298208
3_high,566,09:26,22.68922362797656,17.24052127180819,215,16191,25,84,5.4487023561683685
3_high,567,09:27,22.388663227455684,17.0848138349736,215,16222,24,84,5.3038493924820855
3_high,568,09:28,22.094052592812275,17.16937809094753,215,16184,24,84,4.924674501864747
3_high,569,09:29,21.79064260406656,16.946556944362154,215,16152,24,84,4.844085659704405
3_high,570,09:30,22.743045894132912,17.192370371692835,215,16226,25,84,5.550675522440077
3_high,571,09:31,22.150700036115154,16.953994530618974,215,16206,25,84,5.19670550549618
3_high,572,09:32,21.90702955303843,16.83141594259657,215,16187,25,84,5.075613610441859
3_high,573,09:33,22.013452890220513,16.90082988976131,215,16199,25,84,5.112623000459202
3_high,574,09:34,22.007456406369744,16.844528504998326,215,16318,26,84,5.162927901371418
3_high,575,09:35,21.776990534861827,16.9440758519539,215,16314,26,84,4.832914682907926
3_high,576,09:36,21.68541251323725,16.714336965571704,215,16310,26,84,4.971075547665546
3_high,577,09:37,21.40548649183824,16.59193205260191,215,16290,26,84,4.813554439236331
3_high,578,09:38,21.239703051055745,16.32478163631927,215,16280,26,84,4.914921414736476
3_high,579,09:39,21.380464334756212,16.615740398147217,215,16276,26,84,4.764723936608995
3_high,580,09:40,21.826970262611116,16.583456537342524,215,16279,26,84,5.243513725268592
3_high,581,09:41,21.506565192150553,16.410934154616562,215,16232,26,84,5.095631037533991
3_high,582,09:42,20.96831086810848,16.37302624910974,215,16209,26,84,4.595284618998743
3_high,583,09:43,20.963401497967478,16.15925917035969,215,16258,26,84,4.804142327607789
3_high,584,09:44,20.975690091968982,16.222666634793164,215,16231,26,84,4.753023457175818
3_high,585,09:45,21.297888658073177,16.384429960204642,215,16258,26,84,4.913458697868535
3_high,586,09:46,21.135235786592897,16.289299414560308,215,16195,26,84,4.84593637203259
3_high,587,09:47,21.00971235070079,16.211796740110113,215,16225,26,84,4.797915610590678
3_high,588,09:48,20.869943132283638,16.074306119603225,215,16208,26,84,4.795637012680412
3_high,589,09:49,20.73094786413319,16.071066971351193,215,16201,26,84,4.659880892781995
3_high,590,09:50,21.088780723114027,16.121511234102584,215,16228,26,84,4.967269489011443
3_high,591,09:51,20.83990008131298,16.237136053109708,215,16200,26,84,4.602764028203271
3_high,592,09:52,20.74634428872206,16.054631779753137,215,16161,26,84,4.691712508968923
3_high,593,09:53,20.625843320498202,15.987928816279329,215,16216,26,84,4.637914504218873
3_high,594,09:54,20.716953248988855,15.959525804883933,215,16223,26,84,4.757427444104922
3_high,595,09:55,20.738829213858953,16.140948644102362,215,16252,26,84,4.59788056975659
3_high,596,09:56,20.694293588601326,16.051954787234305,215,16203,26,84,4.642338801367021
3_high,597,09:57,20.662540394336773,16.04453587121547,215,16165,26,84,4.618004523121304
3_high,598,09:58,20.457484377207084,15.921811559814513,215,16144,26,84,4.535672817392571
3_high,599,09:59,20.358182265421405,16.052364689161124,215,16167,26,84,4.3058175762602815
3_high,600,10:00,21.533977775585115,16.625603447790553,215,16190,26,84,4.9083743277945615
3_high,601,10:01,21.696212719763604,16.394323500835092,215,16152,26,84,5.301889218928512
3_high,602,10:02,21.27810922823937,16.144048319166128,215,16159,26,84,5.134060909073241
3_high,603,10:03,21.318601453050647,16.270096776701198,215,16129,26,84,5.048504676349449
3_high,604,10:04,21.21717095520998,16.09507675819352,215,16180,26,84,5.122094197016459
3_high,605,10:05,21.31732205797402,16.409372382284026,215,16175,26,84,4.907949675689995
3_high,606,10:06,21.275733657773504,16.266956206645844,215,16192,26,84,5.00877745112766
3_high,607,10:07,20.760401390062412,15.986272108852205,215,16097,26,84,4.774129281210207
3_high,608,10:08,20.321102007084985,15.982078598884208,215,16072,26,84,4.339023408200777
3_high,609,10:09,20.590184090661158,16.01546264294852,215,16114,26,84,4.574721447712637
3_high,610,10:10,20.919419639366822,16.013748142421086,215,16065,25,84,4.905671496945736
3_high,611,10:11,20.525085314380256,15.832836921482695,215,16124,25,84,4.692248392897561
3_high,612,10:12,20.619720475624515,15.962410214137112,215,16046,25,84,4.657310261487403
3_high,613,10:13,20.608226028820244,15.86039406528512,215,15945,25,84,4.747831963535123
3_high,614,10:14,20.40610733562627,15.759894699513474,215,15928,26,84,4.6462126361127964
3_high,615,10:15,20.558768464711154,15.964019214751891,215,15928,26,84,4.594749249959262
3_high,616,10:16,20.35894745402495,15.88348665050293,215,15888,26,84,4.4754608035220205
3_high,617,10:17,20.36083474226443,15.726904490810373,215,15855,26,84,4.633930251454057
3_high,618,10:18,20.273539729704684,15.705821692400157,215,15887,26,84,4.567718037304527
3_high,619,10:19,20.190456416227974,15.709577855008853,215,15876,26,84,4.4808785612191215
3_high,620,10:20,20.378687730474468,15.799340401579151,215,15883,26,84,4.579347328895317
3_high,621,10:21,20.293689737503332,15.76937173868485,215,15890,26,84,4.524317998818482
3_high,622,10:22,20.263326971015832,15.713152728312542,215,15844,26,84,4.5501742427032905
3_high,623,10:23,20.508304220675353,15.753069814782844,215,15877,26,84,4.755234405892509
3_high,624,10:24,20.1600900595311,15.753868853302938,215,15798,26,84,4.406221206228162
3_high,625,10:25,20.085498652320762,15.690384860311827,215,15814,25,84,4.395113792008935
3_high,626,10:26,20.133077513380332,15.787137924978902,215,15841,25,84,4.34593958840143
3_high,627,10:27,20.136160463043648,15.756697486164278,215,15863,24,84,4.3794629768793705
3_high,628,10:28,20.19296431853793,15.707194227369044,215,15844,25,84,4.4857700911688845
3_high,629,10:29,20.201428916612823,15.732690804815821,215,15809,25,84,4.468738111797002
3_high,630,10:30,20.955797810421334,15.932573500343947,215,15958,26,84,5.023224310077387
3_high,631,10:31,20.649044052050574,15.815471713752398,215,15859,26,84,4.8335723382981755
3_high,632,10:32,20.502239761566493,15.800521891591524,215,15843,26,84,4.701717869974969
3_high,633,10:33,20.625725080682233,15.668752519907619,215,15856,26,84,4.956972560774615
3_high,634,10:34,20.41321241507364,15.766427711271652,215,15771,26,84,4.646784703801989
3_high,635,10:35,20.245029298018803,15.905070220378658,215,15792,26,84,4.339959077640145
3_high,636,10:36,20.330248786664054,15.888813132838857,215,15830,26,84,4.441435653825197
3_high,637,10:37,20.358235376228897,15.711575756789973,215,15811,26,84,4.646659619438925
3_high,638,10:38,20.306905536228086,15.656081865190128,215,15792,26,84,4.6508236710379585
3_high,639,10:39,20.085332954228157,15.622775982800393,215,15682,26,84,4.462556971427764
3_high,640,10:40,20.382125491510685,15.592987042377786,215,15783,26,84,4.789138449132899
3_high,641,10:41,20.41065098320319,15.618131270198761,215,15743,26,84,4.792519713004429
3_high,642,10:42,19.99013400013997,15.662736500239419,215,15738,26,84,4.3273974999005524
3_high,643,10:43,20.268226056469647,15.646235714473573,215,15730,26,84,4.621990341996074
3_high,644,10:44,20.343259794301733,15.774548859671853,215,15816,26,84,4.56871093462988
3_high,645,10:45,20.595290155292204,15.89962627140396,215,15832,26,84,4.695663883888244
3_high,646,10:46,20.361541665460383,15.687570356232902,215,15853,26,84,4.673971309227481
3_high,647,10:47,20.170693465869952,15.513427284467646,215,15838,26,84,4.657266181402306
3_high,648,10:48,19.955229066350846,15.505844369829163,215,15827,26,84,4.449384696521683
3_high,649,10:49,20.129828330004965,15.640567358175666,215,15813,26,84,4.4892609718292995
3_high,650,10:50,20.54255170036398,15.72990361689458,215,15910,26,84,4.8126480834694
3_high,651,10:51,20.283437615221857,15.697806986914095,215,15814,26,84,4.5856306283077615
3_high,652,10:52,20.150272707378722,15.449286887619909,215,15855,26,84,4.700985819758813
3_high,653,10:53,19.93929304959101,15.50714623501528,215,15801,26,84,4.432146814575731
3_high,654,10:54,19.804345437137098,15.395275314826158,215,15819,26,84,4.40907012231094
3_high,655,10:55,19.893257625653035,15.712686915375794,215,15825,26,84,4.180570710277241
3_high,656,10:56,19.67715829902342,15.591565619934025,215,15802,26,84,4.085592679089396
3_high,657,10:57,19.812771847449493,15.623691838148511,215,15834,26,84,4.189080009300982
3_high,658,10:58,19.612095446238513,15.447808047814975,215,15823,26,84,4.164287398423538
3_high,659,10:59,19.692226600819243,15.5595307107933,215,15801,26,84,4.132695890025943
3_high,660,11:00,20.325492540934377,15.994863669698633,215,15889,26,84,4.330628871235744
3_high,661,11:01,20.45401207355922,15.761668259754511,215,15828,26,84,4.692343813804708
3_high,662,11:02,19.974508616976173,15.641539566540045,215,15775,26,84,4.3329690504361285
3_high,663,11:03,19.90939095793701,15.510839247427713,215,15731,25,84,4.398551710509297
3_high,664,11:04,19.80053284324694,15.474043031097079,215,15773,25,84,4.3264898121498625
3_high,665,11:05,19.908212607615337,15.764646290499677,215,15760,25,84,4.14356631711566
3_high,666,11:06,19.918897162332225,15.652395539243711,215,15716,26,84,4.266501623088514
3_high,667,11:07,19.516469677065007,15.341932831932956,215,15727,26,84,4.174536845132051
3_high,668,11:08,19.487416487232494,15.395650378706465,215,15641,26,84,4.091766108526029
3_high,669,11:09,19.19221190962463,15.285902017893877,215,15688,26,84,3.9063098917307517
3_high,670,11:10,19.701565158270377,15.440288482760138,215,15762,26,84,4.2612766755102385
3_high,671,11:11,19.758810961298284,15.379952123383376,215,15644,26,84,4.378858837914908
3_high,672,11:12,19.59352105264682,15.449640380186638,215,15669,26,84,4.143880672460183
3_high,673,11:13,19.610700313895467,15.365439315035255,215,15577,26,84,4.245260998860212
3_high,674,11:14,19.354678681848334,15.30701768294239,215,15606,26,84,4.047660998905943
3_high,675,11:15,19.29465850453913,15.582285427750643,215,15625,26,84,3.712373076788486
3_high,676,11:16,19.577122059222326,15.431262924677707,215,15645,26,84,4.145859134544619
3_high,677,11:17,19.41841218838291,15.291921180169401,215,15606,25,84,4.126491008213508
3_high,678,11:18,19.50092823682651,15.407249220493275,215,15624,25,84,4.093679016333235
3_high,679,11:19,19.39690716305113,15.361914399353052,215,15587,25,84,4.034992763698076
3_high,680,11:20,19.560617559282704,15.527460513272947,215,15642,26,84,4.033157046009757
3_high,681,11:21,19.769857580996263,15.450870993521274,215,15525,26,84,4.318986587474988
3_high,682,11:22,19.383739582425598,15.377527317477991,215,15476,26,84,4.006212264947607
3_high,683,11:23,19.446085985219046,15.19296326640347,215,15531,26,84,4.253122718815575
3_high,684,11:24,19.288355748790643,15.278054848257417,215,15529,26,84,4.010300900533226
3_high,685,11:25,19.443507349119727,15.484301188843803,215,15590,26,84,3.959206160275924
3_high,686,11:26,19.710999276805993,15.532220342171007,215,15567,26,84,4.178778934634986
3_high,687,11:27,19.43467139977066,15.24132107010252,215,15495,26,84,4.1933503296681405
3_high,688,11:28,19.441010020094705,15.318939253378076,215,15409,26,84,4.122070766716629
3_high,689,11:29,19.184888092707173,15.204956935958714,215,15396,26,84,3.9799311567484583
3_high,690,11:30,19.61667746628649,15.465478791056126,215,15506,26,84,4.151198675230363
3_high,691,11:31,19.65799693079717,15.324647537785184,215,15390,26,84,4.3333493930119875
3_high,692,11:32,19.63418125467815,15.152678778413787,215,15414,26,84,4.481502476264364
3_high,693,11:33,19.475426840822173,15.263096050721819,215,15349,26,84,4.212330790100355
3_high,694,11:34,19.00020319354425,15.101849312045214,215,15402,26,84,3.8983538814990375
3_high,695,11:35,19.288046581450025,15.403622211386356,215,15411,26,84,3.8844243700636696
3_high,696,11:36,19.146189807924138,15.357226130830075,215,15355,26,84,3.7889636770940633
3_high,697,11:37,19.0927791383495,15.228061227935397,215,15315,26,84,3.864717910414102
3_high,698,11:38,19.003892294755072,15.1895941374574,215,15305,26,84,3.8142981572976726
3_high,699,11:39,19.06522265480239,15.109563405248563,215,15358,26,84,3.955659249553827
3_high,700,11:40,19.082277411746695,15.370017802714091,215,15357,26,84,3.7122596090326034
3_high,701,11:41,19.333590398508328,15.380122817464578,215,15329,26,84,3.95346758104375
3_high,702,11:42,18.986171236532762,15.262957100166382,215,15227,26,84,3.72321413636638
3_high,703,11:43,18.983615596563403,15.17205453875099,215,15316,27,84,3.8115610578124137
3_high,704,11:44,18.665885953402174,15.119884808015955,215,15264,27,84,3.546001145386219
3_high,705,11:45,18.84383365869232,15.374822793754282,215,15344,27,84,3.4690108649380367
3_high,706,11:46,19.08513162246657,15.30705627831068,215,15316,27,84,3.778075344155889
3_high,707,11:47,18.80738955888633,15.107970116078457,215,15272,27,84,3.6994194428078746
3_high,708,11:48,18.807101903615933,15.068487659307552,215,15337,27,84,3.7386142443083816
3_high,709,11:49,19.07745121417731,15.123804089468184,215,15306,27,84,3.953647124709125
3_high,710,11:50,18.997825752833933,15.278230427713309,215,15203,27,84,3.7195953251206237
3_high,711,11:51,18.845317495507043,15.239789523428437,215,15191,27,84,3.6055279720786064
3_high,712,11:52,19.14319470185864,14.990984089641053,215,15288,27,84,4.152210612217587
3_high,713,11:53,19.076097110892345,15.029034653983457,215,15208,27,84,4.047062456908888
3_high,714,11:54,18.87883134138086,15.026178945106418,215,15159,27,84,3.8526523962744417
3_high,715,11:55,18.832851188517818,15.319155401354346,215,15121,27,84,3.5136957871634724
3_high,716,11:56,18.990866799315775,15.257357921139052,215,15103,27,84,3.733508878176723
3_high,717,11:57,18.72170551852791,15.16309748337723,215,15085,27,84,3.5586080351506784
3_high,718,11:58,18.614593114662526,15.019881780429508,215,15163,27,84,3.5947113342330184
3_high,719,11:59,18.708016968718308,15.160151502596188,215,15113,26,84,3.5478654661221203
3_high,720,12:00,19.178852049404423,15.496218849470939,215,15320,27,84,3.682633199933484
3_high,721,12:01,19.328312368914766,15.310523661088945,215,15137,27,84,4.0177887078258205
3_high,722,12:02,19.197176000770316,15.1764586884567,215,15073,27,84,4.020717312313616
3_high,723,12:03,19.19416701564379,15.01320844159643,215,15102,27,84,4.180958574047359
3_high,724,12:04,18.829475982764148,14.931018898506752,215,15052,27,84,3.8984570842573962
3_high,725,12:05,18.947831000770904,15.23028262100755,215,15153,27,84,3.717548379763354
3_high,726,12:06,18.85410287655545,15.186436493850344,215,15117,27,84,3.6676663827051073
3_high,727,12:07,18.7876337464639,15.113459625382136,215,15101,27,84,3.674174121081764
3_high,728,12:08,18.917891154276685,15.104922337900131,215,15163,27,84,3.8129688163765536
3_high,729,12:09,18.919417767756876,14.995663556162151,215,15140,27,84,3.9237542115947246
3_high,730,12:10,18.881079520649255,15.223743848846585,215,15010,27,83,3.65733567180267
3_high,731,12:11,18.937017309078392,15.115476907417928,215,14997,25,83,3.8215404016604637
3_high,732,12:12,18.81033054698802,14.997509902170394,215,14998,27,83,3.8128206448176254
3_high,733,12:13,18.528457145361777,14.924154355168627,215,14962,27,83,3.6043027901931506
3_high,734,12:14,18.610903060941922,14.954441793690018,215,14961,27,83,3.6564612672519043
3_high,735,12:15,18.61147801793845,15.129357307023964,215,15014,27,83,3.4821207109144847
3_high,736,12:16,18.636617442991284,15.15536247714688,215,15009,27,83,3.4812549658444034
3_high,737,12:17,18.58152897738569,14.938573345601029,215,14989,26,83,3.6429556317846625
3_high,738,12:18,18.439971732496534,14.879554519477821,215,14975,27,83,3.560417213018713
3_high,739,12:19,18.31164227412562,14.793596920998272,215,14935,27,83,3.5180453531273486
3_high,740,12:20,18.50515277170451,15.086226482133146,215,15002,27,83,3.4189262895713632
3_high,741,12:21,18.54364485700318,14.969596141549927,215,14989,27,83,3.5740487154532534
3_high,742,12:22,18.4299208448143,14.877273261290966,215,14907,26,83,3.552647583523335
3_high,743,12:23,18.420164368807807,14.967493185714355,215,14958,27,83,3.452671183093452
3_high,744,12:24,18.4593489268403,14.854293639545887,215,14945,27,83,3.6050552872944124
3_high,745,12:25,18.41175198933198,15.098108289912116,215,14903,27,83,3.3136436994198633
3_high,746,12:26,18.41714094395048,15.076209328035882,215,15001,26,83,3.340931615914597
3_high,747,12:27,18.26553973680456,14.903991840686059,215,14996,26,83,3.3615478961185
3_high,748,12:28,18.306420894407733,14.968257765764516,215,15036,26,83,3.3381631286432167
3_high,749,12:29,18.355494865812794,15.000886902681232,215,14938,27,83,3.3546079631315617
3_high,750,12:30,18.81248843026742,15.224295409880577,215,15170,27,83,3.588193020386841
3_high,751,12:31,18.71304691402291,15.015243475680142,215,15014,26,83,3.6978034383427687
3_high,752,12:32,18.52076509726915,14.888772735214854,215,15015,26,83,3.631992362054298
3_high,753,12:33,18.479382750207222,14.87788349595221,215,14925,26,83,3.601499254255012
3_high,754,12:34,18.264095019215713,14.906258538940895,215,14936,25,83,3.357836480274818
3_high,755,12:35,18.372315522282218,15.135302450531803,215,14937,26,83,3.2370130717504146
3_high,756,12:36,18.493689626195263,15.148104439578187,215,14913,25,83,3.3455851866170754
3_high,757,12:37,18.381164091808905,14.95318485878526,215,14947,26,83,3.4279792330236454
3_high,758,12:38,18.092524148296786,14.876748130207577,215,14858,26,83,3.2157760180892083
3_high,759,12:39,18.23685114963146,14.810097183833706,215,14890,26,83,3.4267539657977526
3_high,760,12:40,18.2698383716344,15.082589126834016,215,14934,26,83,3.187249244800384
3_high,761,12:41,18.57747976467918,15.113497426525377,215,15072,26,83,3.4639823381538015
3_high,762,12:42,18.563763235081097,15.016117023974706,215,15050,26,83,3.5476462111063913
3_high,763,12:43,18.48248639681636,14.810176282540276,215,14980,26,83,3.6723101142760832
3_high,764,12:44,18.54304143486987,14.880024643080475,215,15048,26,83,3.6630167917893957
3_high,765,12:45,18.421234987857712,15.202488914605613,215,15051,26,83,3.218746073252099
3_high,766,12:46,18.52348460750721,15.00608511852975,215,15080,26,83,3.5173994889774605
3_high,767,12:47,18.402667891124466,14.905566212758654,215,15014,26,83,3.497101678365812
3_high,768,12:48,18.26221606256541,14.932566683322863,215,15075,26,83,3.3296493792425483
3_high,769,12:49,18.244485773512228,14.919276867196318,215,15055,26,83,3.3252089063159094
3_high,770,12:50,18.50727517530439,15.137179547852288,215,15157,26,84,3.370095627452102
3_high,771,12:51,18.36532353926181,15.03933370046009,215,15101,26,84,3.3259898388017177
3_high,772,12:52,18.554155905977282,14.86369202258503,215,15152,26,84,3.690463883392253
3_high,773,12:53,18.340159660920495,14.891699746427038,215,15062,26,84,3.4484599144934567
3_high,774,12:54,18.34743396068882,14.81911795432978,215,15067,26,84,3.5283160063590415
3_high,775,12:55,18.389041083450675,15.094477745628218,215,15208,26,84,3.2945633378224564
3_high,776,12:56,18.494181115930513,15.016922219318435,215,15146,26,84,3.477258896612078
3_high,777,12:57,18.5061007358609,14.997758521753003,215,15172,26,84,3.5083422141078984
3_high,778,12:58,18.49440560207633,14.958139768122589,215,15133,26,84,3.536265833953742
3_high,779,12:59,18.55358844282569,15.011582618488474,215,15162,26,84,3.542005824337215
3_high,780,13:00,18.965575268711603,15.471219749021712,215,15320,26,84,3.4943555196898917
3_high,781,13:01,18.81447072119405,15.116925382008247,215,15135,26,84,3.697545339185801
3_high,782,13:02,18.81649314618948,14.94152062464654,215,15152,26,84,3.87497252154294
3_high,783,13:03,19.048879190368282,15.060183017249244,215,15293,26,84,3.9886961731190382
3_high,784,13:04,18.814814170507027,15.004406852333908,215,15270,26,84,3.8104073181731195
3_high,785,13:05,19.1253490213296,15.294388257908164,215,15401,26,84,3.8309607634214373
3_high,786,13:06,19.009965966978097,15.153810278526311,215,15309,26,84,3.8561556884517856
3_high,787,13:07,18.85120510848251,15.042895834935424,215,15291,26,84,3.8083092735470867
3_high,788,13:08,18.711893244782324,15.001800438365539,215,15324,25,84,3.7100928064167853
3_high,789,13:09,18.791685753696235,14.996015843730435,215,15293,25,84,3.7956699099658007
3_high,790,13:10,18.952943287597474,15.161493755308621,215,15381,26,84,3.791449532288853
3_high,791,13:11,18.6878416923371,15.006572354442552,215,15291,25,84,3.6812693378945465
3_high,792,13:12,18.72092754522572,14.90679151386903,215,15332,26,84,3.814136031356691
3_high,793,13:13,18.738002620211912,14.94982320024252,215,15291,26,84,3.788179419969392
3_high,794,13:14,18.597991296524903,14.933155035070127,215,15391,25,84,3.6648362614547754
3_high,795,13:15,18.6881346787393,15.146697784617743,215,15315,26,84,3.5414368941215564
3_high,796,13:16,18.630785322960246,15.13586278035109,215,15313,26,84,3.4949225426091566
3_high,797,13:17,18.572661112386015,15.064440561722854,215,15261,26,84,3.508220550663161
3_high,798,13:18,18.490706942638383,14.93310586181528,215,15338,26,84,3.557601080823103
3_high,799,13:19,18.49575965225626,14.975422305003784,215,15378,26,84,3.520337347252477
3_high,800,13:20,18.701189910086107,15.152339892097011,215,15396,26,84,3.5488500179890963
3_high,801,13:21,18.813240566190025,15.04693021787453,215,15363,26,84,3.7663103483154945
3_high,802,13:22,18.837988441895675,15.013375001767603,215,15352,26,84,3.824613440128072
3_high,803,13:23,18.69619844112094,14.974810302938991,215,15370,26,84,3.7213881381819505
3_high,804,13:24,18.663373044421498,14.956692289029455,215,15358,26,84,3.7066807553920427
3_high,805,13:25,18.63060456081729,15.24395814999065,215,15349,26,84,3.386646410826639
3_high,806,13:26,18.56028440489495,15.113120915534976,215,15430,26,84,3.4471634893599745
3_high,807,13:27,18.643268138271,15.024496007436738,215,15328,26,84,3.6187721308342624
3_high,808,13:28,18.418782211880874,15.015796485271393,215,15162,26,84,3.402985726609481
3_high,809,13:29,18.43981588604744,14.987095152606953,215,15184,26,84,3.452720733440488
3_high,810,13:30,18.651880112192952,15.189365734359797,215,15221,26,84,3.4625143778331555
3_high,811,13:31,18.48820130675993,14.994735396040499,215,15198,26,84,3.493465910719431
3_high,812,13:32,18.451322374372037,15.014124592765496,215,15206,26,84,3.4371977816065407
3_high,813,13:33,18.359813893396584,14.97749636958701,215,15194,26,84,3.382317523809574
3_high,814,13:34,18.477305164631833,14.923764542255118,215,15133,26,84,3.5535406223767154
3_high,815,13:35,18.58875143419165,15.214745269378817,215,15208,26,84,3.374006164812833
3_high,816,13:36,18.462611302393697,15.01384040703805,215,15155,25,84,3.448770895355647
3_high,817,13:37,18.54448042895304,14.91066846498314,215,15243,25,84,3.633811963969901
3_high,818,13:38,18.37045658438313,14.913912654634341,215,15233,26,84,3.45654392974879
3_high,819,13:39,18.419397103028487,14.884214659485956,215,15214,26,84,3.5351824435425314
3_high,820,13:40,18.462540415567233,15.007284726926414,215,15284,26,84,3.4552556886408183
3_high,821,13:41,18.48031491722349,15.019024747200591,215,15272,26,84,3.4612901700229006
3_high,822,13:42,18.457586685270506,14.955388052286466,215,15338,26,84,3.50219863298404
3_high,823,13:43,18.42028171669759,14.949419374425986,215,15201,26,84,3.470862342271605
3_high,824,13:44,18.199864649247964,14.91062585317662,215,15218,26,84,3.289238796071343
3_high,825,13:45,18.387536833917675,15.170148663759795,215,15228,26,84,3.2173881701578804
3_high,826,13:46,18.197622515439882,15.07193763900131,215,15200,26,84,3.125684876438571
3_high,827,13:47,18.215740497464992,14.898037251281607,215,15219,26,84,3.3177032461833846
3_high,828,13:48,18.19275696407532,14.795455412460726,215,15313,26,84,3.397301551614593
3_high,829,13:49,18.368490658484923,14.877618190586032,215,15247,26,84,3.4908724678988907
3_high,830,13:50,18.48164005573398,15.146082636586282,215,15330,26,84,3.3355574191476975
3_high,831,13:51,18.580849106343194,15.053999456447116,215,15232,26,84,3.5268496498960786
3_high,832,13:52,18.59500016324654,14.859261612598093,215,15085,26,84,3.7357385506484455
3_high,833,13:53,18.372503310525598,14.814575155144357,215,15025,26,84,3.5579281553812407
3_high,834,13:54,18.387376147115784,14.847061252153795,215,15130,26,84,3.5403148949619894
3_high,835,13:55,18.49021582955341,15.15093202433443,215,15222,26,84,3.3392838052189795
3_high,836,13:56,18.414528598172897,15.046059692120473,215,15079,26,84,3.368468906052424
3_high,837,13:57,18.28086578686766,14.874850616204737,215,15138,26,84,3.406015170662924
3_high,838,13:58,18.17018337398584,14.874637160896043,215,15108,26,84,3.2955462130897963
3_high,839,13:59,18.443922980720163,14.983962288837438,215,15318,26,84,3.459960691882726
3_high,840,14:00,19.182360599931243,15.46317582028414,215,15410,26,84,3.7191847796471027
3_high,841,14:01,19.294432604320217,15.330417800056246,215,15356,26,84,3.9640148042639716
3_high,842,14:02,19.06877245329602,15.10851996350906,215,15230,25,84,3.96025248978696
3_high,843,14:03,18.842179361821035,15.032476357170024,215,15287,26,84,3.809703004651011
3_high,844,14:04,18.856247400018955,14.961875676352365,215,15306,25,84,3.8943717236665893
3_high,845,14:05,18.91774023352444,15.127963898102642,215,15377,26,84,3.7897763354217986
3_high,846,14:06,18.943929680981157,15.292468733853026,215,15277,26,84,3.6514609471281307
3_high,847,14:07,18.81061115626019,15.196769135142544,215,15324,26,84,3.6138420211176463
3_high,848,14:08,18.969222876071928,15.10600556606045,215,15330,26,84,3.8632173100114784
3_high,849,14:09,18.836776229839707,15.11491596325667,215,15357,26,84,3.721860266583036
3_high,850,14:10,18.892960987910516,15.139602241348195,215,15393,26,84,3.7533587465623217
3_high,851,14:11,19.064649679587408,15.180293419442647,215,15405,26,84,3.884356260144761
3_high,852,14:12,18.95787391342279,15.067496005787222,215,15403,26,84,3.8903779076355693
3_high,853,14:13,18.689535071843206,15.079141356862378,215,15345,26,84,3.6103937149808285
3_high,854,14:14,18.579036272488068,15.003125938992335,215,15306,26,84,3.5759103334957327
3_high,855,14:15,18.871381872620848,15.20264612370311,215,15397,26,84,3.6687357489177383
3_high,856,14:16,18.78502760037032,15.119614527758529,215,15364,26,84,3.6654130726117913
3_high,857,14:17,18.73576942280628,15.03684995078232,215,15304,25,84,3.6989194720239578
3_high,858,14:18,18.584400471585145,15.041448179029794,215,15304,25,84,3.5429522925553503
3_high,859,14:19,18.57106407960174,14.911373054152786,215,15362,24,84,3.6596910254489536
3_high,860,14:20,18.953479877062858,15.272781906177213,215,15447,25,84,3.680697970885644
3_high,861,14:21,19.029624291080186,15.283030564109081,215,15368,26,84,3.7465937269711045
3_high,862,14:22,18.852622878601935,15.186998211819597,215,15516,26,84,3.665624666782337
3_high,863,14:23,18.681645382040173,15.008888927788112,215,15523,26,84,3.6727564542520614
3_high,864,14:24,18.473700017807783,14.978090118131046,215,15496,26,84,3.4956098996767366
3_high,865,14:25,18.62596023609184,15.170516504636865,215,15544,26,84,3.4554437314549737
3_high,866,14:26,18.552538053297038,15.186309603273282,215,15491,26,84,3.3662284500237565
3_high,867,14:27,18.520795890481896,15.151566668759017,215,15479,26,84,3.369229221722879
3_high,868,14:28,18.62238170958972,15.214827456431802,215,15565,25,84,3.407554253157919
3_high,869,14:29,18.561056688080164,15.17693316356688,215,15523,26,84,3.384123524513285
3_high,870,14:30,19.150048841745683,15.326007204536825,215,15648,26,84,3.8240416372088575
3_high,871,14:31,18.781174135967984,15.260210069087695,215,15616,26,84,3.520964066880289
3_high,872,14:32,18.641629015389107,15.181501659911396,215,15540,26,84,3.460127355477711
3_high,873,14:33,18.660087057388946,15.111711167348814,215,15477,25,84,3.5483758900401323
3_high,874,14:34,18.7463081637942,15.173655106585672,215,15438,25,84,3.5726530572085284
3_high,875,14:35,19.300686582272245,15.436357479219275,215,15573,25,84,3.8643291030529703
3_high,876,14:36,19.22753420851265,15.364161021133105,215,15454,25,83,3.863373187379546
3_high,877,14:37,18.630102209695515,15.057115510220047,215,15311,25,83,3.572986699475468
3_high,878,14:38,18.556499337331246,15.178577977558215,215,15381,25,83,3.3779213597730315
3_high,879,14:39,18.634309317633406,15.123981995511581,215,15373,25,83,3.5103273221218245
3_high,880,14:40,18.73987073712587,15.28186313373759,215,15358,25,83,3.45800760338828
3_high,881,14:41,18.717527483587663,15.29477625699092,215,15402,25,83,3.422751226596743
3_high,882,14:42,18.824786303726405,15.220303167632576,215,15410,25,83,3.6044831360938296
3_high,883,14:43,18.585016445704458,15.200839361543911,215,15365,24,83,3.3841770841605463
3_high,884,14:44,18.650035737196006,15.185066950630059,215,15363,25,83,3.4649687865659473
3_high,885,14:45,18.764401262378527,15.342292876197709,215,15456,25,83,3.4221083861808186
3_high,886,14:46,18.84627549621114,15.294518667932463,215,15431,25,83,3.551756828278675
3_high,887,14:47,18.882293807531585,15.245953457687335,215,15430,25,83,3.63634034984425
3_high,888,14:48,18.69061483586097,15.20578750315618,215,15427,24,83,3.484827332704789
3_high,889,14:49,18.674320268822726,15.243349664110552,215,15442,25,83,3.430970604712174
3_high,890,14:50,18.929861825647247,15.348938457837603,215,15499,25,83,3.5809233678096444
3_high,891,14:51,18.96631020255241,15.410183053027737,215,15515,25,83,3.5561271495246736
3_high,892,14:52,18.717462324876678,15.257133668335364,215,15430,25,83,3.4603286565413143
3_high,893,14:53,18.455379353357152,15.194958941384424,215,15432,25,83,3.260420411972728
3_high,894,14:54,18.446204275247528,15.16483309828681,215,15550,25,83,3.281371176960718
3_high,895,14:55,18.622424252909177,15.300432588147176,215,15543,25,83,3.3219916647620007
3_high,896,14:56,18.44492202755909,15.356351866298603,215,15498,25,83,3.0885701612604883
3_high,897,14:57,18.163599984105947,15.253035053901932,215,15411,25,83,2.910564930204014
3_high,898,14:58,18.061166127175394,15.182363484573203,215,15433,25,83,2.8788026426021904
3_high,899,14:59,18.139112805459945,15.333130262261317,215,15481,25,83,2.8059825431986276
3_high,900,15:00,18.95006754428748,15.821761769746065,215,15691,25,83,3.128305774541417
3_high,901,15:01,18.67949290577737,15.673959527568723,215,15529,25,83,3.0055333782086464
3_high,902,15:02,18.359867068879254,15.387212224179175,215,15551,24,83,2.972654844700079
3_high,903,15:03,18.137416618696886,15.429013327634818,215,15545,24,83,2.7084032910620675
3_high,904,15:04,18.220812177235242,15.521885375710642,215,15812,26,84,2.6989268015245997
3_high,905,15:05,18.344263039789457,15.635802084149114,215,15821,26,84,2.7084609556403425
3_high,906,15:06,18.22783920905209,15.59076489490865,215,15770,26,84,2.6370743141434385
3_high,907,15:07,18.00816668210324,15.45751653869949,215,15840,26,84,2.5506501434037503
3_high,908,15:08,17.814153532375187,15.474896179946409,215,15876,26,84,2.3392573524287776
3_high,909,15:09,17.83054616546174,15.573055155149792,215,15859,26,84,2.2574910103119485
3_high,910,15:10,17.808373436450037,15.501130452069484,215,15923,26,84,2.3072429843805526
3_high,911,15:11,18.030994695662393,15.647544901233738,215,15901,26,84,2.383449794428655
3_high,912,15:12,17.704975736840467,15.67342889551435,215,15927,26,84,2.031546841326117
3_high,913,15:13,17.796756571979124,15.775206413662143,215,15921,26,84,2.0215501583169804
3_high,914,15:14,18.004535996437657,15.825525832289062,215,15995,26,84,2.179010164148595
3_high,915,15:15,18.6501860147235,16.026384305976222,215,16133,26,84,2.6238017087472763
3_high,916,15:16,18.80011338078816,16.176723098517364,215,16108,26,84,2.6233902822707975
3_high,917,15:17,19.141037215277684,16.90776368591856,215,16161,26,84,2.233273529359124
3_high,918,15:18,19.892345693667703,17.99878966213134,215,16232,26,84,1.893556031536363
3_high,919,15:19,21.968474582814384,20.993536558578548,215,16382,26,84,0.9749380242358363
000660,540,09:00,6.340009477252804,8.475744693391036,1,78,78,78,-2.135735216138232
000660,541,09:01,7.7094125244734455,7.2918386927416625,1,78,78,78,0.417573831731783
000660,542,09:02,7.609947301237126,6.855813282112249,1,78,78,78,0.7541340191248773
000660,543,09:03,7.273886833371613,6.667945599710495,1,81,81,81,0.6059412336611176
000660,544,09:04,6.946185615564668,6.301792820571749,1,81,81,81,0.6443927949929193
000660,545,09:05,6.996676677451914,6.210569220964623,1,82,82,82,0.786107456487291
000660,546,09:06,6.734500188107967,6.32880405202923,1,82,82,82,0.40569613607873745
000660,547,09:07,6.6970608468170765,6.131920126658875,1,82,82,82,0.565140720158201
000660,548,09:08,6.544327085609936,5.990348611308647,1,82,82,82,0.5539784743012888
000660,549,09:09,6.521858714347067,6.437260306909424,1,82,82,82,0.08459840743764246
000660,550,09:10,6.512793478061146,5.964555899452411,1,82,82,82,0.5482375786087346
000660,551,09:11,6.520305657734162,6.4196845563186224,1,82,82,82,0.10062110141553937
000660,552,09:12,6.609520137572536,6.316622563960625,1,82,82,82,0.2928975736119117
000660,553,09:13,6.49446060465777,5.863489373316457,1,82,82,82,0.6309712313413129
000660,554,09:14,6.323427071169503,5.908249368782876,1,82,82,82,0.415177702386627
000660,555,09:15,6.414477271786945,5.843269123599681,1,82,82,82,0.5712081481872637
000660,556,09:16,6.32860609389774,5.909586151541495,1,82,82,82,0.41901994235624507
000660,557,09:17,6.2395959537054075,5.749478012092861,1,82,82,82,0.49011794161254674
000660,558,09:18,6.474088648540037,6.0214700312680804,1,82,82,82,0.4526186172719564
000660,559,09:19,6.140845699823923,6.202978999781033,1,82,82,82,-0.06213329995711003
000660,560,09:20,6.204828432794555,5.838520752185147,1,82,82,82,0.3663076806094079
000660,561,09:21,6.296481418340513,5.767031254205937,1,82,82,82,0.5294501641345759
000660,562,09:22,6.3084293680000245,5.823191361466789,1,82,82,82,0.4852380065332351
000660,563,09:23,6.459479284287385,5.920194933493622,1,82,82,82,0.5392843507937624
000660,564,09:24,6.22673873260714,5.9957766896567,1,82,82,82,0.23096204295044043
000660,565,09:25,6.159709847649682,5.718558344466756,1,82,82,82,0.44115150318292606
000660,566,09:26,6.1099039200751575,5.683045340630062,1,82,82,82,0.42685857944509564
000660,567,09:27,5.96289917373784,5.614681121417563,1,82,82,82,0.34821805232027714
000660,568,09:28,6.09784933514063,5.57598363815767,1,82,82,82,0.5218656969829603
000660,569,09:29,6.095683056217367,5.833561694892953,1,82,82,82,0.26212136132441355
000660,570,09:30,6.167486971992321,6.193873162497626,1,82,82,82,-0.02638619050530533
000660,571,09:31,6.254103454084257,5.669607914713825,1,82,82,82,0.5844955393704323
000660,572,09:32,6.177437580617112,5.823759647918808,1,82,82,82,0.3536779326983037
000660,573,09:33,6.229789679285566,5.72551154554623,1,82,82,82,0.5042781337393354
000660,574,09:34,6.049150177329057,5.747010852861774,1,83,83,83,0.30213932446728364
000660,575,09:35,5.974793608628376,5.6937107507429365,1,83,83,83,0.28108285788543963
000660,576,09:36,6.019445485600837,5.568363997631792,1,83,83,83,0.451081487969045
000660,577,09:37,6.217304324054825,5.801938435611701,1,83,83,83,0.41536588844312394
000660,578,09:38,5.9241439478399505,5.72905239975122,1,83,83,83,0.19509154808873053
000660,579,09:39,6.0824359168706446,5.716325094657779,1,83,83,83,0.3661108222128657
000660,580,09:40,6.161924209784036,5.631946851132583,1,83,83,83,0.5299773586514531
000660,581,09:41,5.903617676668434,5.674956563823141,1,83,83,83,0.2286611128452929
000660,582,09:42,6.1907477965860185,5.612052506146903,1,83,83,83,0.5786952904391152
000660,583,09:43,6.227334972735321,5.732352951385707,1,83,83,83,0.4949820213496139
000660,584,09:44,5.853283139295467,5.6214433100381225,1,83,83,83,0.23183982925734448
000660,585,09:45,6.072566929528937,5.786533475694034,1,83,83,83,0.28603345383490275
000660,586,09:46,5.890116528432889,5.709829289446441,1,83,83,83,0.18028723898644827
000660,587,09:47,5.968227748525271,5.916218162023853,1,83,83,83,0.05200958650141807
000660,588,09:48,5.9650009419254335,5.482074844503967,1,83,83,83,0.4829260974214664
000660,589,09:49,5.883630009729031,5.706652765526589,1,83,83,83,0.1769772442024422
000660,590,09:50,6.099735136913851,5.608647166119935,1,83,83,83,0.49108797079391575
000660,591,09:51,5.886607166160346,5.551674539509319,1,83,83,83,0.3349326266510264
000660,592,09:52,5.882652713853159,5.640207724999472,1,83,83,83,0.24244498885368682
000660,593,09:53,6.074208150431431,5.557111302939259,1,83,83,83,0.517096847492172
000660,594,09:54,5.859303410766729,5.81891892316016,1,83,83,83,0.040384487606568875
000660,595,09:55,6.097180174501703,5.960957843467939,1,83,83,83,0.13622233103376402
000660,596,09:56,5.870640195552947,5.493018625057784,1,83,83,83,0.37762157049516265
000660,597,09:57,5.86940431293043,5.701036970753753,1,83,83,83,0.16836734217667715
000660,598,09:58,5.918145942072904,5.701393353805499,1,83,83,83,0.21675258826740507
000660,599,09:59,6.008885253057107,5.555319807968195,1,83,83,83,0.4535654450889117
000660,600,10:00,6.064461543307657,5.743171681459774,1,83,83,83,0.321289861847883
000660,601,10:01,5.948944850555617,5.569632588469541,1,83,83,83,0.37931226208607605
000660,602,10:02,5.924084551745967,5.456840747530168,1,83,83,83,0.4672438042157987
000660,603,10:03,5.934362453642315,5.593538426522068,1,83,83,83,0.34082402712024695
000660,604,10:04,5.8595340354662815,5.502448572834554,1,83,83,83,0.35708546263172725
000660,605,10:05,5.914480014246982,5.761021861382482,1,83,83,83,0.15345815286450026
000660,606,10:06,6.075670836696168,5.871717947219702,1,83,83,83,0.20395288947646595
000660,607,10:07,5.936205721510139,5.558312731947814,1,83,83,83,0.37789298956232464
000660,608,10:08,6.073128442285294,5.7214937212230215,1,83,83,83,0.3516347210622728
000660,609,10:09,5.946865197666435,5.5926634114445815,1,83,83,83,0.3542017862218536
000660,610,10:10,6.028362062279652,5.573962672025323,1,83,83,83,0.45439939025432885
000660,611,10:11,6.058288522358818,5.553627320912122,1,83,83,83,0.5046612014466954
000660,612,10:12,5.955000887661168,6.184523036978357,1,83,83,83,-0.22952214931718906
000660,613,10:13,5.838455098877633,5.532126127363293,1,81,81,81,0.3063289715143398
000660,614,10:14,5.959627064158665,5.655139375128854,1,81,81,81,0.30448768902981094
000660,615,10:15,5.915104465854084,5.632004852568676,1,81,81,81,0.28309961328540734
000660,616,10:16,5.936331899268372,5.486637996159278,1,82,82,82,0.4496939031090941
000660,617,10:17,5.888736244459644,5.554843309592695,1,82,82,82,0.3338929348669497
000660,618,10:18,5.934533408717313,5.44927333834299,1,82,82,82,0.4852600703743235
000660,619,10:19,5.847129844063838,5.58154563927933,1,82,82,82,0.26558420478450806
000660,620,10:20,5.980812683353515,5.498954543650305,1,82,82,82,0.4818581397032107
000660,621,10:21,5.81737220780854,5.458807264573405,1,82,82,82,0.35856494323513477
000660,622,10:22,5.969839882552061,5.623131919049937,1,82,82,82,0.34670796350212374
000660,623,10:23,5.763260652460864,5.415385446016984,1,82,82,82,0.3478752064438799
000660,624,10:24,5.8841807906501185,5.486656678061481,1,82,82,82,0.39752411258863773
000660,625,10:25,5.857194185036754,5.513683904177222,1,82,82,82,0.3435102808595314
000660,626,10:26,5.846666931130214,5.466399946897833,1,82,82,82,0.3802669842323807
000660,627,10:27,5.841448870340252,5.449142509260259,1,82,82,82,0.39230636107999306
000660,628,10:28,5.860792224089666,5.644540786008113,1,82,82,82,0.216251438081553
000660,629,10:29,5.844366211092072,5.55705211282098,1,82,82,82,0.287314098271092
000660,630,10:30,5.953068499577444,5.577740878558055,1,82,82,82,0.3753276210193892
000660,631,10:31,5.713309007212775,5.607333818241746,1,82,82,82,0.10597518897102898
000660,632,10:32,5.9900231560921595,5.662225035305263,1,82,82,82,0.3277981207868965
000660,633,10:33,5.842194919883363,5.525412329008394,1,82,82,82,0.3167825908749693
000660,634,10:34,5.748337313183556,5.470887913795231,1,82,82,82,0.2774493993883249
000660,635,10:35,5.802565210033484,5.558316898489679,1,82,82,82,0.24424831154380566
000660,636,10:36,5.956941111834297,5.652565196705304,1,82,82,82,0.3043759151289933
000660,637,10:37,5.90999858823254,5.69881510408811,1,82,82,82,0.21118348414442956
000660,638,10:38,5.892617831982223,5.521367476470411,1,82,82,82,0.37125035551181185
000660,639,10:39,5.814651163844011,5.741861009175253,1,82,82,82,0.07279015466875816
000660,640,10:40,6.1381193562949985,5.604186045717158,1,82,82,82,0.5339333105778401
000660,641,10:41,5.882003233775531,5.672543850700913,1,82,82,82,0.2094593830746172
000660,642,10:42,5.874831478455856,5.5060829227895836,1,82,82,82,0.3687485556662722
000660,643,10:43,5.797077122438109,5.522774982601654,1,82,82,82,0.2743021398364549
000660,644,10:44,5.872454028917426,5.455304092405841,1,83,83,83,0.41714993651158494
000660,645,10:45,5.979255705807409,5.543508487650795,1,83,83,83,0.43574721815661377
000660,646,10:46,5.767391847677996,5.492714410141861,1,83,83,83,0.27467743753613494
000660,647,10:47,5.742406900489573,5.5464669560790245,1,83,83,83,0.19593994441054807
000660,648,10:48,5.712643728630973,5.640312607746832,1,83,83,83,0.07233112088414106
000660,649,10:49,5.818308470046606,5.5280290205198375,1,83,83,83,0.29027944952676865
000660,650,10:50,5.923834556712152,5.4743841290967605,1,83,83,83,0.44945042761539167
000660,651,10:51,5.864923985130718,5.640220461488012,1,83,83,83,0.22470352364270685
000660,652,10:52,6.000070965249133,5.622717534623967,1,83,83,83,0.377353430625166
000660,653,10:53,5.831301981407031,5.629366621639111,1,83,83,83,0.2019353597679201
000660,654,10:54,5.784983606909967,5.63619205658714,1,83,83,83,0.14879155032282743
000660,655,10:55,5.772763124319326,5.46259768042443,1,83,83,83,0.31016544389489553
000660,656,10:56,6.103862488296174,5.657535135058285,1,83,83,83,0.44632735323788886
000660,657,10:57,5.791900072136156,5.586258227818361,1,82,82,82,0.2056418443177952
000660,658,10:58,5.972669119644383,5.537942023170674,1,82,82,82,0.43472709647370866
000660,659,10:59,6.031707977076538,5.561209743767825,1,82,82,82,0.4704982333087129
000660,660,11:00,5.871572675981639,5.565530391842177,1,83,83,83,0.3060422841394619
000660,661,11:01,5.886303331153284,5.578755371979536,1,83,83,83,0.307547959173748
000660,662,11:02,5.775275247715338,5.479431077881834,1,83,83,83,0.2958441698335035
000660,663,11:03,5.863411656785441,5.562888540190167,1,83,83,83,0.300523116595274
000660,664,11:04,5.872485095275341,5.5465852160643365,1,83,83,83,0.32589987921100416
000660,665,11:05,6.1135400215854965,5.549597784284041,1,83,83,83,0.5639422373014558
000660,666,11:06,5.769842720093535,5.522675035908984,1,83,83,83,0.24716768418455093
000660,667,11:07,5.809979032478772,5.390795182406137,1,83,83,83,0.4191838500726348
000660,668,11:08,5.858877678612347,5.503145278318893,1,83,83,83,0.3557324002934541
000660,669,11:09,5.816462414598569,5.5542024036296835,1,83,83,83,0.26226001096888574
000660,670,11:10,5.9513013288638685,5.599065334513472,1,83,83,83,0.3522359943503961
000660,671,11:11,5.745947975552033,5.429940465139861,1,83,83,83,0.316007510412172
000660,672,11:12,5.704036318308649,5.788909460665056,1,83,83,83,-0.08487314235640664
000660,673,11:13,5.933397242753144,5.563364172566337,1,83,83,83,0.37003307018680687
000660,674,11:14,5.712296432283896,5.51665385550905,1,83,83,83,0.19564257677484598
000660,675,11:15,5.781081794726054,5.532134302015459,1,83,83,83,0.24894749271059524
000660,676,11:16,5.79217329674555,5.474936065402053,1,83,83,83,0.3172372313434968
000660,677,11:17,5.872411065596275,5.633810889747904,1,83,83,83,0.23860017584837045
000660,678,11:18,5.8642756158872515,5.525474348377688,1,83,83,83,0.33880126750956396
000660,679,11:19,5.71357030331805,5.6059775434637595,1,83,83,83,0.10759275985429007
000660,680,11:20,5.8436046138295055,5.483270924125782,1,83,83,83,0.36033368970372326
000660,681,11:21,5.9447712777523485,5.617400124561348,1,83,83,83,0.32737115319100063
000660,682,11:22,5.6786477053948605,5.586051446293206,1,83,83,83,0.09259625910165425
000660,683,11:23,5.650142276084875,6.067510322232155,1,83,83,83,-0.4173680461472804
000660,684,11:24,5.653413622177268,5.523447469417645,1,83,83,83,0.1299661527596232
000660,685,11:25,5.821157483105673,5.659300918488609,1,83,83,83,0.16185656461706444
000660,686,11:26,5.795714180394475,5.595960835122204,1,83,83,83,0.19975334527227062
000660,687,11:27,5.741813774617403,5.5664699199640735,1,83,83,83,0.17534385465332925
000660,688,11:28,5.738412169261479,5.488900925961147,1,83,83,83,0.24951124330033192
000660,689,11:29,5.906278092930715,5.5529215346479335,1,83,83,83,0.35335655828278156
000660,690,11:30,5.837323472917137,5.5321725745116614,1,83,83,83,0.3051508984054756
000660,691,11:31,5.976897937546094,5.463310049102078,1,83,83,83,0.5135878884440164
000660,692,11:32,5.841413227677921,5.487192716638604,1,83,83,83,0.3542205110393173
000660,693,11:33,5.678122746036588,5.459066232118829,1,83,83,83,0.21905651391775915
000660,694,11:34,5.8729857942546815,5.654465221966735,1,83,83,83,0.21852057228794664
000660,695,11:35,5.8238483422425755,5.515232244604053,1,83,83,83,0.3086160976385228
000660,696,11:36,5.83942258117896,5.600990357208623,1,83,83,83,0.23843222397033692
000660,697,11:37,5.970860236278876,5.588842739947906,1,83,83,83,0.3820174963309695
000660,698,11:38,5.840063301264425,5.538256174717756,1,83,83,83,0.3018071265466684
000660,699,11:39,5.7639622322011705,5.506060449015401,1,83,83,83,0.25790178318576995
000660,700,11:40,5.629982859899556,5.490260782441042,1,83,83,83,0.13972207745851417
000660,701,11:41,5.753551085130918,5.466177071305999,1,83,83,83,0.2873740138249188
000660,702,11:42,5.929153582577054,5.449018150717126,1,83,83,83,0.480135431859928
000660,703,11:43,5.8456359294206255,5.404714302986737,1,83,83,83,0.4409216264338882
000660,704,11:44,5.750985172557937,5.417348537725629,1,83,83,83,0.3336366348323079
000660,705,11:45,5.829544683257077,5.782964718211489,1,83,83,83,0.04657996504558781
000660,706,11:46,5.720258438599341,5.425241543318772,1,83,83,83,0.2950168952805692
000660,707,11:47,5.646715033884907,5.371337831197792,1,83,83,83,0.27537720268711485
000660,708,11:48,5.727009080176153,5.514937504801861,1,83,83,83,0.21207157537429122
000660,709,11:49,5.910960156153924,5.40867179801388,1,83,83,83,0.5022883581400439
000660,710,11:50,5.758728246771093,5.403558253892032,1,83,83,83,0.3551699928790608
000660,711,11:51,5.852835368712096,5.475225725805959,1,83,83,83,0.37760964290613686
000660,712,11:52,5.864147739389662,5.711737453975662,1,83,83,83,0.1524102854140006
000660,713,11:53,5.816164978983921,5.418235301631966,1,83,83,83,0.3979296773519554
000660,714,11:54,5.875136684412859,5.420872087883603,1,83,83,83,0.45426459652925644
000660,715,11:55,5.800154273645374,5.430723822938688,1,83,83,83,0.3694304507066857
000660,716,11:56,5.7771315161387715,5.424177717605961,1,83,83,83,0.35295379853281084
000660,717,11:57,5.597026939140351,5.524393098815499,1,83,83,83,0.0726338403248521
000660,718,11:58,5.885373888924025,5.476375035862719,1,83,83,83,0.40899885306130557
000660,719,11:59,5.75277100545319,5.509719780952659,1,83,83,83,0.2430512245005314
000660,720,12:00,5.726546404045619,5.445264200083906,1,83,83,83,0.28128220396171333
000660,721,12:01,5.792877467223512,5.32145210429921,1,83,83,83,0.47142536292430215
000660,722,12:02,5.751611363110382,5.422420225649769,1,83,83,83,0.32919113746061335
000660,723,12:03,5.732954742850451,5.354227325421162,1,83,83,83,0.37872741742928895
000660,724,12:04,5.658206489307361,5.312446532481466,1,83,83,83,0.3457599568258951
000660,725,12:05,5.7798047509677195,5.450175742089156,1,83,83,83,0.3296290088785634
000660,726,12:06,5.860134403707606,5.522650188646077,1,83,83,83,0.33748421506152937
000660,727,12:07,5.811367766407881,5.4221915862575045,1,83,83,83,0.38917618015037636
000660,728,12:08,5.865222771946059,5.537433638324729,1,83,83,83,0.3277891336213301
000660,729,12:09,5.775556932632372,5.531217514988637,1,83,83,83,0.2443394176437348
000660,730,12:10,5.746568957166117,5.441577031669985,1,82,82,82,0.3049919254961315
000660,731,12:11,5.726133546671578,5.587756585302108,1,82,82,82,0.1383769613694703
000660,732,12:12,5.607133120855788,5.509880814620671,1,82,82,82,0.09725230623511649
000660,733,12:13,5.755887223334739,5.432318380184516,1,82,82,82,0.3235688431502224
000660,734,12:14,5.838243167363579,5.489742156788916,1,82,82,82,0.34850101057466354
000660,735,12:15,5.742965193805038,5.479939322361013,1,82,82,82,0.26302587144402434
000660,736,12:16,5.785640470835253,5.354106341315772,1,82,82,82,0.43153412951948145
000660,737,12:17,5.603693378295333,5.391872033933833,1,82,82,82,0.2118213443614998
000660,738,12:18,5.701541589637567,5.531606472376319,1,82,82,82,0.16993511726124755
000660,739,12:19,5.626616839532291,5.406289802093429,1,82,82,82,0.22032703743886195
000660,740,12:20,5.769726462471392,5.405600024182812,1,82,82,82,0.36412643828858027
000660,741,12:21,5.688175275547576,5.381407014643573,1,82,82,82,0.3067682609040032
000660,742,12:22,5.907714881515182,5.489075187040025,1,82,82,82,0.41863969447515714
000660,743,12:23,5.796435994598196,5.4077888854047504,1,82,82,82,0.38864710919344514
000660,744,12:24,5.710904812656121,5.471232310540499,1,82,82,82,0.23967250211562252
000660,745,12:25,5.757140942481209,5.423805584332013,1,82,82,82,0.33333535814919646
000660,746,12:26,5.761216561118421,5.479535461538377,1,82,82,82,0.2816810995800445
000660,747,12:27,5.659869435980382,5.561457489961059,1,81,81,81,0.0984119460193229
000660,748,12:28,5.578057442873055,5.397914469363749,1,81,81,81,0.18014297350930608
000660,749,12:29,5.608146541025566,5.485365641087384,1,81,81,81,0.12278089993818231
000660,750,12:30,5.713602159454939,5.421660354980555,1,82,82,82,0.29194180447438356
000660,751,12:31,5.8443788317314525,5.442332845808082,1,82,82,82,0.4020459859233707
000660,752,12:32,5.611421345621603,5.401617397415839,1,81,81,81,0.20980394820576453
000660,753,12:33,5.675146865184221,5.423673874893721,1,81,81,81,0.25147299029049996
000660,754,12:34,5.682845168287114,5.383988211092818,1,81,81,81,0.29885695719429606
000660,755,12:35,5.783322939387019,5.429420685827422,1,81,81,81,0.35390225355959704
000660,756,12:36,5.645375062936184,5.417745720508628,1,81,81,81,0.22762934242755595
000660,757,12:37,5.660868856379066,5.403082117899024,1,81,81,81,0.25778673848004185
000660,758,12:38,5.769637641801308,5.386796379321558,1,81,81,81,0.3828412624797499
000660,759,12:39,5.619448407228719,5.382650414671632,1,81,81,81,0.23679799255708733
000660,760,12:40,5.832882379782665,5.49338383283981,1,81,81,81,0.3394985469428553
000660,761,12:41,5.769210878442197,5.630755798595972,1,82,82,82,0.13845507984622518
000660,762,12:42,5.622609179396485,5.440657412382354,1,82,82,82,0.18195176701413107
000660,763,12:43,5.667172917483623,5.39994528365904,1,82,82,82,0.26722763382458314
000660,764,12:44,5.572255370597102,5.4588121391369695,1,82,82,82,0.11344323146013213
000660,765,12:45,5.620520153035205,5.419780603506663,1,82,82,82,0.20073954952854223
000660,766,12:46,5.615583423895454,5.386141838221162,1,82,82,82,0.22944158567429174
000660,767,12:47,5.585614999561717,5.4457837514271015,1,82,82,82,0.13983124813461512
000660,768,12:48,5.578072190623196,5.376982147190378,1,82,82,82,0.201090043432818
000660,769,12:49,5.696900928727083,5.347722644284784,1,82,82,82,0.34917828444229926
000660,770,12:50,5.540903311768463,5.387175633093036,1,82,82,82,0.15372767867542692
000660,771,12:51,5.6658242255189535,5.369226697940915,1,82,82,82,0.29659752757803837
000660,772,12:52,5.6363521794372335,5.443275894669804,1,82,82,82,0.19307628476742966
000660,773,12:53,5.571050697963355,5.384303062896539,1,82,82,82,0.18674763506681646
000660,774,12:54,5.818662094000267,5.416829363969733,1,82,82,82,0.40183273003053355
000660,775,12:55,5.572711085442487,5.341033013338106,1,82,82,82,0.23167807210438074
000660,776,12:56,5.726385939489418,5.586228056744171,1,82,82,82,0.140157882745247
000660,777,12:57,5.769160913883198,5.524814222265483,1,82,82,82,0.24434669161771527
000660,778,12:58,5.598366431162987,5.374226481401582,1,82,82,82,0.22413994976140472
000660,779,12:59,5.65896347296828,5.43973963816033,1,82,82,82,0.21922383480794938
000660,780,13:00,5.757301350024643,5.406085002107878,1,82,82,82,0.3512163479167647
000660,781,13:01,5.719239620067705,5.373382274460751,1,82,82,82,0.34585734560695336
000660,782,13:02,5.6537482192575235,5.454117123536672,1,82,82,82,0.1996310957208518
000660,783,13:03,5.743370945878067,5.481591032584808,1,83,83,83,0.26177991329325945
000660,784,13:04,5.790093401604449,5.465799105190489,1,83,83,83,0.3242942964139601
000660,785,13:05,5.5910030915124675,5.405564543904914,1,83,83,83,0.18543854760755352
000660,786,13:06,5.793652839736154,5.466822892023755,1,83,83,83,0.32682994771239926
000660,787,13:07,5.906846114083534,5.445955733538954,1,83,83,83,0.46089038054458076
000660,788,13:08,5.837988306927468,5.483853157747253,1,83,83,83,0.35413514918021427
000660,789,13:09,5.807090749819836,5.418710891769893,1,83,83,83,0.3883798580499427
000660,790,13:10,5.689642897761452,5.435245118167239,1,83,83,83,0.25439777959421317
000660,791,13:11,5.809189069674415,5.335001662952248,1,83,83,83,0.47418740672216675
000660,792,13:12,5.670451126618821,5.350632434079133,1,83,83,83,0.3198186925396884
000660,793,13:13,5.772537995878986,5.421697619824794,1,83,83,83,0.35084037605419205
000660,794,13:14,5.751343415944571,5.4039335751816875,1,83,83,83,0.34740984076288317
000660,795,13:15,5.552049275970183,5.415241288727049,1,83,83,83,0.1368079872431336
000660,796,13:16,5.709703095063632,5.386306216260307,1,83,83,83,0.323396878803325
000660,797,13:17,5.630993670250281,5.395578205628116,1,83,83,83,0.23541546462216534
000660,798,13:18,5.664150016413096,5.492874389206337,1,83,83,83,0.17127562720675904
000660,799,13:19,5.656904891252136,5.400776080449097,1,83,83,83,0.2561288108030393
000660,800,13:20,5.7478109639773916,5.772688343295869,1,83,83,83,-0.02487737931847711
000660,801,13:21,5.721997759325516,5.5025741537847885,1,82,82,82,0.2194236055407277
000660,802,13:22,5.846950278695027,5.460768721796331,1,82,82,82,0.3861815568986957
000660,803,13:23,5.79047548805839,5.531782476479683,1,82,82,82,0.25869301157870694
000660,804,13:24,5.823755643137401,5.436700607139848,1,83,83,83,0.38705503599755353
000660,805,13:25,5.747817059812342,5.433532398256699,1,83,83,83,0.31428466155564294
000660,806,13:26,5.727899092512923,5.421301675934261,1,83,83,83,0.30659741657866224
000660,807,13:27,5.643333165182713,5.440665190824244,1,83,83,83,0.2026679743584694
000660,808,13:28,5.593336600766277,5.411924620356628,1,82,82,82,0.18141198040964834
000660,809,13:29,5.636791878292032,5.496016423735576,1,82,82,82,0.14077545455645524
000660,810,13:30,5.915773617569638,5.550966598875687,1,82,82,82,0.36480701869395116
000660,811,13:31,5.839960331493916,5.476146425385778,1,82,82,82,0.36381390610813824
000660,812,13:32,5.762976642773983,5.451027776093762,1,82,82,82,0.31194886668022015
000660,813,13:33,5.790591045246172,5.386047483784275,1,82,82,82,0.40454356146189685
000660,814,13:34,5.686610412168041,5.400247443660703,1,82,82,82,0.2863629685073379
000660,815,13:35,5.599773977118899,5.391277132212086,1,82,82,82,0.2084968449068123
000660,816,13:36,5.669847445965827,5.479641566388328,1,82,82,82,0.19020587957749857
000660,817,13:37,5.716635276572547,5.433198812140263,1,82,82,82,0.28343646443228465
000660,818,13:38,5.700897002642037,5.375196765834854,1,82,82,82,0.3257002368071831
000660,819,13:39,5.814797801902742,5.408263188781722,1,82,82,82,0.40653461312102035
000660,820,13:40,5.662208470924154,5.420611885023927,1,82,82,82,0.24159658590022648
000660,821,13:41,5.876127572414718,5.489849238381062,1,82,82,82,0.38627833403365575
000660,822,13:42,5.743035811629061,5.433638931091547,1,82,82,82,0.3093968805375136
000660,823,13:43,5.740393674816667,5.396310434575938,1,82,82,82,0.344083240240729
000660,824,13:44,5.695626886261935,5.417474789398659,1,82,82,82,0.278152096863276
000660,825,13:45,5.63433271732696,5.435957677031918,1,82,82,82,0.19837504029504238
000660,826,13:46,5.854180596555182,5.4533484170846895,1,82,82,82,0.4008321794704921
000660,827,13:47,5.697005835755062,5.381367996894772,1,82,82,82,0.3156378388602903
000660,828,13:48,5.6153159644766015,5.421509897618179,1,82,82,82,0.19380606685842228
000660,829,13:49,5.60361668829398,5.438605764758365,1,82,82,82,0.16501092353561475
000660,830,13:50,5.658527394416862,5.558364171224641,1,82,82,82,0.10016322319222137
000660,831,13:51,5.592835275265682,5.49292154032999,1,81,81,81,0.09991373493569267
000660,832,13:52,5.7918731788644715,5.5935348934006175,1,81,81,81,0.198338285463854
000660,833,13:53,5.734232779318213,5.534439363789622,1,81,81,81,0.19979341552859076
000660,834,13:54,5.620310408773818,5.431818067603313,1,81,81,81,0.18849234117050528
000660,835,13:55,5.742253597407189,5.405025985774957,1,81,81,81,0.33722761163223236
000660,836,13:56,5.830041999396025,5.436094124082481,1,81,81,81,0.39394787531354414
000660,837,13:57,5.704863214686206,5.555339473132431,1,81,81,81,0.14952374155377512
000660,838,13:58,5.821285876104266,5.475459433827747,1,81,81,81,0.34582644227651915
000660,839,13:59,5.691415673893301,5.526596765271366,1,82,82,82,0.16481890862193538
000660,840,14:00,5.825371373553318,5.484119593313287,1,82,82,82,0.34125178024003056
000660,841,14:01,5.982502217355692,5.515032677359005,1,82,82,82,0.46746953999668683
000660,842,14:02,5.773596908083639,5.479749268963043,1,82,82,82,0.29384763912059597
000660,843,14:03,5.879101035298883,5.4887134398224555,1,82,82,82,0.39038759547642776
000660,844,14:04,5.797075476428014,5.448727544207353,1,82,82,82,0.34834793222066107
000660,845,14:05,5.939237854209265,5.533838836768333,1,82,82,82,0.4053990174409323
000660,846,14:06,5.72398379657769,5.4831852600624735,1,82,82,82,0.2407985365152161
000660,847,14:07,5.671048414944018,5.39970172455068,1,82,82,82,0.2713466903933375
000660,848,14:08,5.710745395700319,5.433789286172213,1,82,82,82,0.2769561095281059
000660,849,14:09,5.92059837486792,5.599835898834815,1,82,82,82,0.3207624760331047
000660,850,14:10,5.778430040564739,5.484815108000027,1,82,82,82,0.2936149325647124
000660,851,14:11,5.545344058782021,5.4168506803728285,1,82,82,82,0.12849337840919262
000660,852,14:12,5.729428041314686,5.860180533368257,1,82,82,82,-0.13075249205357053
000660,853,14:13,5.531499060345121,5.439683104788916,1,82,82,82,0.09181595555620525
000660,854,14:14,5.672239695496117,5.537422784746776,1,82,82,82,0.13481691074934066
000660,855,14:15,5.822594611182751,5.448413908043645,1,82,82,82,0.374180703139106
000660,856,14:16,5.657920458354089,5.55550042717003,1,82,82,82,0.1024200311840584
000660,857,14:17,5.580180533208776,5.504304607954704,1,81,81,81,0.07587592525407238
000660,858,14:18,5.737936264788233,5.414053892040106,1,81,81,81,0.3238823727481268
000660,859,14:19,5.854839311497277,5.457816074296895,1,81,81,81,0.3970232372003819
000660,860,14:20,5.8922915805812925,5.524401884447706,1,82,82,82,0.36788969613358624
000660,861,14:21,5.7095100129894965,5.521243412729597,1,82,82,82,0.18826660025989916
000660,862,14:22,5.7870400009676795,5.390177546915478,1,83,83,83,0.39686245405220166
000660,863,14:23,5.754498974515501,5.489474824881491,1,83,83,83,0.26502414963401044
000660,864,14:24,5.57454028108946,5.436750304268472,1,83,83,83,0.13778997682098826
000660,865,14:25,5.879850891266833,5.63483137466018,1,82,82,82,0.24501951660665267
000660,866,14:26,5.687008624190284,5.405258407764629,1,82,82,82,0.2817502164256549
000660,867,14:27,5.752237538223623,5.514791461733275,1,82,82,82,0.23744607649034766
000660,868,14:28,5.77441777518512,5.52822887163775,1,82,82,82,0.24618890354737033
000660,869,14:29,5.977265702885162,5.620842767134549,1,81,81,81,0.35642293575061235
000660,870,14:30,5.666979652729748,5.437532155573792,1,81,81,81,0.22944749715595592
000660,871,14:31,5.66874833542932,5.451236840780356,1,82,82,82,0.21751149464896358
000660,872,14:32,5.66550506272356,5.413547033034055,1,83,83,83,0.2519580296895052
000660,873,14:33,5.7289393703360885,5.4882955169978205,1,82,82,82,0.240643853338268
000660,874,14:34,5.900107912098467,5.44265072932486,1,82,82,82,0.4574571827736076
000660,875,14:35,5.758499659701837,5.4976206961398795,1,82,82,82,0.2608789635619573
000660,876,14:36,5.808824884060385,5.586393170332862,1,82,82,82,0.22243171372752357
000660,877,14:37,5.825044920175543,5.532146045314188,1,82,82,82,0.292898874861355
000660,878,14:38,5.842174201040719,5.503683169593131,1,82,82,82,0.33849103144758796
000660,879,14:39,5.691502299103865,5.541039230206746,1,82,82,82,0.15046306889711936
000660,880,14:40,5.795893639845482,5.5546838772322,1,82,82,82,0.2412097626132823
000660,881,14:41,5.8035020950563325,5.612121541807544,1,82,82,82,0.19138055324878867
000660,882,14:42,5.784232448936315,5.596486243300763,1,82,82,82,0.1877462056355519
000660,883,14:43,5.9316463854369115,5.580409671133608,1,81,81,81,0.3512367143033037
000660,884,14:44,5.859903041839517,5.465193954835114,1,82,82,82,0.39470908700440255
000660,885,14:45,5.671925650356345,5.486431940243077,1,82,82,82,0.18549371011326787
000660,886,14:46,5.772472089997502,5.475951731855817,1,82,82,82,0.2965203581416853
000660,887,14:47,5.859239637608587,5.5528811775740925,1,82,82,82,0.3063584600344944
000660,888,14:48,5.81075538646,5.490061568550536,1,82,82,82,0.32069381790946405
000660,889,14:49,5.817483308659778,5.601868496539438,1,82,82,82,0.21561481212034028
000660,890,14:50,5.977377786057172,5.545241484760391,1,82,82,82,0.43213630129678116
000660,891,14:51,5.746632499113692,5.485810482235068,1,82,82,82,0.26082201687862394
000660,892,14:52,5.772434197724959,5.602090059773459,1,82,82,82,0.17034413795150005
000660,893,14:53,5.764601641442956,5.582496320300093,1,82,82,82,0.18210532114286337
000660,894,14:54,5.699134993020419,5.594605321645522,1,82,82,82,0.10452967137489644
000660,895,14:55,5.876519110272835,5.505988323992128,1,81,81,81,0.3705307862807077
000660,896,14:56,5.788416646901775,5.558950885645112,1,81,81,81,0.2294657612566624
000660,897,14:57,5.797805718487606,5.574935430971884,1,81,81,81,0.2228702875157218
000660,898,14:58,5.651612179695995,5.552149574235987,1,81,81,81,0.09946260546000829
000660,899,14:59,5.743742791706391,5.461952399875141,1,81,81,81,0.2817903918312501
000660,900,15:00,6.035408819785381,5.6376023709501135,1,81,81,81,0.3978064488352677
000660,901,15:01,5.980696194818669,5.532626081196954,1,81,81,81,0.4480701136217151
000660,902,15:02,5.661217096585082,5.502731100335446,1,81,81,81,0.15848599624963544
000660,903,15:03,5.7871844830783346,5.484534536912886,1,81,81,81,0.3026499461654488
000660,904,15:04,5.721941944614585,5.455628223222742,1,82,82,82,0.2663137213918425
000660,905,15:05,5.801718340182225,5.550235169060733,1,82,82,82,0.25148317112149154
000660,906,15:06,5.838180725065486,5.606325184846667,1,82,82,82,0.23185554021881938
000660,907,15:07,5.784997047735783,5.5913663889748175,1,82,82,82,0.19363065876096552
000660,908,15:08,5.863748953145933,5.516466708204309,1,82,82,82,0.3472822449416242
000660,909,15:09,5.668092436162617,5.445517862741066,1,82,82,82,0.22257457342155096
000660,910,15:10,5.691012068065663,5.503600887849039,1,82,82,82,0.18741118021662384
000660,911,15:11,5.64991590221206,5.397089264759062,1,82,82,82,0.2528266374529977
000660,912,15:12,5.651509818580426,5.498372373962117,1,82,82,82,0.15313744461830847
000660,913,15:13,5.730159354498472,5.5779211773567825,1,82,82,82,0.1522381771416894
000660,914,15:14,5.888741000803509,5.578639111661152,1,82,82,82,0.3101018891423566
000660,915,15:15,6.00655146309804,5.619130801516107,1,82,82,82,0.3874206615819329
000660,916,15:16,5.713737171049279,5.515492986913459,1,82,82,82,0.19824418413582023
000660,917,15:17,5.9066232272240455,5.624689728544008,1,82,82,82,0.28193349868003725
000660,918,15:18,5.859264488709526,5.589311679344041,1,82,82,82,0.2699528093654848
000660,919,15:19,5.960107270865608,6.006507477642278,1,82,82,82,-0.04640020677666978
005930,540,09:00,16.144792528835026,19.668799768437385,1,82,82,82,-3.5240072396023585
005930,541,09:01,18.395356108227862,18.240486435767814,1,82,82,82,0.15486967246004824
005930,542,09:02,18.28844647385808,18.084621049574082,1,82,82,82,0.2038254242839983
005930,543,09:03,18.00950090450969,18.081740262861665,1,83,83,83,-0.07223935835197537
005930,544,09:04,18.224444430150765,17.980653854296133,1,83,83,83,0.24379057585463215
005930,545,09:05,18.59160425021803,17.844712202249944,1,83,83,83,0.7468920479680854
005930,546,09:06,17.923384535432792,17.84956621804588,1,83,83,83,0.07381831738691247
005930,547,09:07,18.143175783403656,17.634121433351016,1,83,83,83,0.5090543500526401
005930,548,09:08,17.916927101474865,17.69809314485104,1,83,83,83,0.21883395662382554
005930,549,09:09,18.02033774659219,17.637703541697846,1,83,83,83,0.3826342048943445
005930,550,09:10,18.27353158514073,17.651949047789426,1,83,83,83,0.6215825373513049
005930,551,09:11,17.88991740324939,17.724171430838524,1,83,83,83,0.16574597241086764
005930,552,09:12,18.11069440133793,17.66063068402443,1,83,83,83,0.45006371731350114
005930,553,09:13,17.953022872768134,17.299594786685077,1,83,83,83,0.653428086083057
005930,554,09:14,17.729578768783043,17.37507940081863,1,83,83,83,0.3544993679644115
005930,555,09:15,17.994111352820585,17.36616297256466,1,83,83,83,0.6279483802559263
005930,556,09:16,17.99309527709363,17.41993800291695,1,83,83,83,0.5731572741766797
005930,557,09:17,17.95354364326959,17.44153213431431,1,83,83,83,0.512011508955279
005930,558,09:18,18.031993122273352,17.53930465264389,1,83,83,83,0.49268846962946355
005930,559,09:19,17.896182877693807,17.46074231482109,1,83,83,83,0.43544056287271715
005930,560,09:20,17.97495052057582,17.242970120380164,1,83,83,83,0.7319804001956562
005930,561,09:21,17.950364535321132,17.262109765390075,1,83,83,83,0.6882547699310564
005930,562,09:22,17.942616207483745,17.156432227500876,1,83,83,83,0.7861839799828694
005930,563,09:23,17.925825768638262,17.29993931057979,1,83,83,83,0.6258864580584707
005930,564,09:24,17.793834779730123,17.200896478889995,1,83,83,83,0.5929383008401281
005930,565,09:25,17.82085467639276,17.182390176168877,1,83,83,83,0.6384645002238827
005930,566,09:26,17.956926787629122,17.68829286819369,1,83,83,83,0.26863391943543036
005930,567,09:27,17.662927398496866,17.12697466987119,1,83,83,83,0.5359527286256771
005930,568,09:28,17.797489846975008,17.391744963512146,1,83,83,83,0.4057448834628623
005930,569,09:29,18.105941214693562,17.38585155057902,1,83,83,83,0.7200896641145427
005930,570,09:30,17.8612501271448,17.64498478881625,1,83,83,83,0.21626533832855088
005930,571,09:31,17.754188030181602,17.18653525646964,1,83,83,83,0.5676527737119628
005930,572,09:32,17.87830872024367,17.484216358605547,1,83,83,83,0.39409236163812267
005930,573,09:33,17.964352532768704,17.223452401666158,1,83,83,83,0.7409001311025456
005930,574,09:34,17.867440816491612,17.326994422224228,1,84,84,84,0.5404463942673843
005930,575,09:35,17.839677815918318,17.123498338804897,1,84,84,84,0.7161794771134211
005930,576,09:36,17.619553150454994,17.032292110925432,1,84,84,84,0.5872610395295617
005930,577,09:37,17.878049256997482,17.25680978819168,1,84,84,84,0.6212394688058005
005930,578,09:38,17.722247692592013,16.994394930342565,1,84,84,84,0.727852762249448
005930,579,09:39,17.91467548605668,17.314888217468503,1,84,84,84,0.5997872685881767
005930,580,09:40,17.77368851289328,16.98913462571233,1,84,84,84,0.7845538871809481
005930,581,09:41,17.70031807786391,17.2714228737317,1,84,84,84,0.42889520413220694
005930,582,09:42,17.80702559802508,17.057747211735563,1,84,84,84,0.749278386289518
005930,583,09:43,17.954569074840013,17.096782389775786,1,84,84,84,0.8577866850642266
005930,584,09:44,17.780335811578468,17.173228936484506,1,84,84,84,0.6071068750939617
005930,585,09:45,17.904913064226072,17.109819168442513,1,84,84,84,0.7950938957835589
005930,586,09:46,17.767245264836312,16.996760700714578,1,84,84,84,0.7704845641217339
005930,587,09:47,17.83572748328015,17.351078303487878,1,84,84,84,0.48464917979227096
005930,588,09:48,17.73207449606813,17.01352032325531,1,84,84,84,0.7185541728128193
005930,589,09:49,17.69257434387409,16.997531051772715,1,84,84,84,0.6950432921013743
005930,590,09:50,17.747988651788926,17.079419405504478,1,84,84,84,0.6685692462844486
005930,591,09:51,17.718276479942023,16.94961802362872,1,84,84,84,0.7686584563133039
005930,592,09:52,17.758421725928358,17.068808830625052,1,84,84,84,0.6896128953033056
005930,593,09:53,17.642484115829465,16.975619925227857,1,84,84,84,0.6668641906016077
005930,594,09:54,17.795321516695896,17.099143727086034,1,84,84,84,0.6961777896098624
005930,595,09:55,17.584582327329905,17.059873222182365,1,84,84,84,0.5247091051475401
005930,596,09:56,17.808451971258343,17.128625895107422,1,84,84,84,0.6798260761509205
005930,597,09:57,17.90859184121269,17.37560016326647,1,84,84,84,0.5329916779462209
005930,598,09:58,17.835914274609564,17.001734546240716,1,84,84,84,0.8341797283688486
005930,599,09:59,17.743157268259438,16.876546855091718,1,84,84,84,0.8666104131677201
005930,600,10:00,17.770616885621234,17.21087948615174,1,84,84,84,0.5597373994694941
005930,601,10:01,17.786657436449417,17.1189036448335,1,84,84,84,0.6677537916159153
005930,602,10:02,17.90265995437383,17.00308068302025,1,84,84,84,0.8995792713535806
005930,603,10:03,17.81224223754247,16.94940679186172,1,84,84,84,0.8628354456807514
005930,604,10:04,17.802212951068686,16.98892889279027,1,84,84,84,0.8132840582784162
005930,605,10:05,17.706402293139437,16.953049771875936,1,84,84,84,0.7533525212635013
005930,606,10:06,17.70924863814492,17.011366419011498,1,84,84,84,0.6978822191334224
005930,607,10:07,17.587157154886015,16.957809599053952,1,84,84,84,0.6293475558320623
005930,608,10:08,17.69710284501506,17.086985315670717,1,84,84,84,0.6101175293443433
005930,609,10:09,17.865314771573185,16.76140053041584,1,84,84,84,1.1039142411573444
005930,610,10:10,17.82325386111139,16.838418633838845,1,84,84,84,0.9848352272725442
005930,611,10:11,17.798568587222245,16.950755702885527,1,84,84,84,0.8478128843367188
005930,612,10:12,17.90081440165515,16.986866717173964,1,84,84,84,0.9139476844811867
005930,613,10:13,17.71146143434157,16.864334866707093,1,83,83,83,0.8471265676344757
005930,614,10:14,17.73985968343454,17.02701577729337,1,83,83,83,0.7128439061411669
005930,615,10:15,17.98584312981054,16.964748992439418,1,83,83,83,1.0210941373711222
005930,616,10:16,17.74131325982436,16.934395316792994,1,83,83,83,0.8069179430313653
005930,617,10:17,17.679387995820107,16.760320848116304,1,83,83,83,0.919067147703803
005930,618,10:18,17.7324776394592,16.772289518294517,1,83,83,83,0.9601881211646841
005930,619,10:19,17.817266457424058,16.972803763934227,1,83,83,83,0.8444626934898309
005930,620,10:20,17.742504580397004,16.950039416122564,1,83,83,83,0.7924651642744394
005930,621,10:21,17.5628052910437,16.83706203667358,1,83,83,83,0.7257432543701192
005930,622,10:22,17.672646682675907,16.800131199686348,1,83,83,83,0.8725154829895594
005930,623,10:23,17.592920588023034,16.789687862821907,1,83,83,83,0.8032327252011271
005930,624,10:24,17.7445219983216,16.92514286746959,1,83,83,83,0.8193791308520098
005930,625,10:25,17.503885050568112,16.50787720012019,1,83,83,83,0.9960078504479206
005930,626,10:26,17.679647325136816,16.672022332422827,1,83,83,83,1.007624992713989
005930,627,10:27,17.76558240449578,16.647139204514712,1,83,83,83,1.1184431999810691
005930,628,10:28,17.779287574249278,16.767321410804023,1,83,83,83,1.0119661634452548
005930,629,10:29,17.63330107348863,16.926041530038773,1,83,83,83,0.7072595434498581
005930,630,10:30,17.576969971593506,16.997207731050864,1,83,83,83,0.5797622405426424
005930,631,10:31,17.698203430884174,16.910568555698248,1,83,83,83,0.7876348751859261
005930,632,10:32,17.685620927301013,16.882836285143465,1,83,83,83,0.8027846421575475
005930,633,10:33,17.604431378139857,16.889723830614784,1,83,83,83,0.714707547525073
005930,634,10:34,17.912828267322116,16.89094255886519,1,83,83,83,1.0218857084569244
005930,635,10:35,17.724402114656584,16.69848072796469,1,83,83,83,1.0259213866918948
005930,636,10:36,17.59303367510906,16.8178034055383,1,83,83,83,0.7752302695707591
005930,637,10:37,17.72100253657026,16.97766732509412,1,83,83,83,0.7433352114761398
005930,638,10:38,17.697057608842474,16.730289273502525,1,83,83,83,0.9667683353399497
005930,639,10:39,17.72308377461864,16.672496663938023,1,83,83,83,1.0505871106806168
005930,640,10:40,17.7962213577268,16.900109471430774,1,83,83,83,0.8961118862960262
005930,641,10:41,17.91207111406267,16.689188445443634,1,83,83,83,1.222882668619036
005930,642,10:42,17.74134013796827,16.87207734442231,1,83,83,83,0.8692627935459605
005930,643,10:43,17.67879303473581,16.643713674525692,1,83,83,83,1.0350793602101191
005930,644,10:44,17.811182547929,16.75454422975307,1,84,84,84,1.0566383181759313
005930,645,10:45,17.84191217536083,16.7993638484156,1,84,84,84,1.04254832694523
005930,646,10:46,17.7036329136976,16.704365402643408,1,84,84,84,0.9992675110541924
005930,647,10:47,17.69418251027769,16.900019150952783,1,84,84,84,0.7941633593249087
005930,648,10:48,17.710054569670785,16.735782493570568,1,84,84,84,0.9742720761002168
005930,649,10:49,17.721226042251278,16.73338792358965,1,84,84,84,0.9878381186616281
005930,650,10:50,17.737919300239092,17.05410790675494,1,84,84,84,0.6838113934841523
005930,651,10:51,17.76248774735172,16.870150677456515,1,84,84,84,0.8923370698952056
005930,652,10:52,17.731606351885667,16.872704959326374,1,84,84,84,0.858901392559293
005930,653,10:53,17.783043031188413,16.817443678012904,1,84,84,84,0.9655993531755094
005930,654,10:54,17.754358417205815,16.888364436113076,1,84,84,84,0.8659939810927391
005930,655,10:55,17.94484680797639,16.963864566749344,1,84,84,84,0.9809822412270464
005930,656,10:56,17.807802707649348,16.98752762301188,1,84,84,84,0.8202750846374691
005930,657,10:57,17.79053445910901,16.91949038370954,1,84,84,84,0.871044075399471
005930,658,10:58,17.62516110652535,16.898470278438293,1,84,84,84,0.7266908280870581
005930,659,10:59,17.831665031866656,17.014004049244136,1,84,84,84,0.8176609826225203
005930,660,11:00,17.62218204853079,17.04424704631492,1,84,84,84,0.5779350022158702
005930,661,11:01,17.872598708156655,16.91324193058874,1,84,84,84,0.9593567775679155
005930,662,11:02,17.84739757869544,16.735030605079096,1,84,84,84,1.1123669736163428
005930,663,11:03,17.86813328808605,16.67175750781238,1,84,84,84,1.1963757802736694
005930,664,11:04,17.85205261254902,16.808350120765077,1,84,84,84,1.043702491783943
005930,665,11:05,17.95053548077164,16.760257491165326,1,84,84,84,1.1902779896063151
005930,666,11:06,17.874649100300033,16.833012707643757,1,84,84,84,1.041636392656276
005930,667,11:07,17.699975281825818,17.036203386134435,1,84,84,84,0.663771895691383
005930,668,11:08,17.677464963104793,16.692535807692316,1,84,84,84,0.9849291554124768
005930,669,11:09,17.805132030895805,16.762918936063972,1,84,84,84,1.0422130948318333
005930,670,11:10,17.81987017753836,16.892652840197066,1,84,84,84,0.9272173373412933
005930,671,11:11,17.863444455638607,16.90811344056915,1,84,84,84,0.9553310150694578
005930,672,11:12,17.622239223348174,16.99166466998019,1,84,84,84,0.6305745533679854
005930,673,11:13,17.75327474025152,16.70788453692684,1,84,84,84,1.0453902033246791
005930,674,11:14,17.84437957894306,16.78800200982656,1,84,84,84,1.0563775691164992
005930,675,11:15,17.761572550431502,16.79289261299996,1,84,84,84,0.968679937431542
005930,676,11:16,17.763545890103828,16.955509345299227,1,84,84,84,0.808036544804601
005930,677,11:17,17.939843248053712,16.859103638606637,1,84,84,84,1.0807396094470754
005930,678,11:18,17.769647687053173,16.715191899494734,1,84,84,84,1.0544557875584388
005930,679,11:19,17.913692110652256,16.67319987135523,1,84,84,84,1.2404922392970263
005930,680,11:20,17.698915398603713,16.799734938703985,1,84,84,84,0.8991804598997284
005930,681,11:21,17.72189809584791,16.88293828795935,1,84,84,84,0.838959807888557
005930,682,11:22,17.94716986629134,16.869285403051112,1,84,84,84,1.0778844632402276
005930,683,11:23,17.84802360860553,16.917894748531882,1,84,84,84,0.9301288600736477
005930,684,11:24,17.874832803270586,16.931105297443583,1,84,84,84,0.9437275058270025
005930,685,11:25,17.855604567201382,16.91262974802285,1,84,84,84,0.9429748191785308
005930,686,11:26,17.76200360491307,16.80256196615506,1,84,84,84,0.9594416387580083
005930,687,11:27,17.833957215214998,16.83483699047583,1,84,84,84,0.9991202247391691
005930,688,11:28,17.808123195880892,17.008614840480803,1,84,84,84,0.7995083554000892
005930,689,11:29,17.71465040258601,16.902321963621603,1,84,84,84,0.812328438964407
005930,690,11:30,17.862917119299976,16.997094971381575,1,84,84,84,0.8658221479184007
005930,691,11:31,17.828125241779972,16.776434735618782,1,84,84,84,1.05169050616119
005930,692,11:32,17.90634499215298,17.027583644385142,1,84,84,84,0.8787613477678384
005930,693,11:33,17.861027127738787,17.00439359203333,1,84,84,84,0.8566335357054555
005930,694,11:34,17.80246534017262,16.856683793696305,1,84,84,84,0.9457815464763151
005930,695,11:35,17.55000297480379,16.840013862770142,1,84,84,84,0.7099891120336466
005930,696,11:36,17.92781872862026,16.669843006128662,1,84,84,84,1.2579757224915973
005930,697,11:37,17.855807676680342,16.62974903537259,1,84,84,84,1.2260586413077519
005930,698,11:38,17.950433494943702,16.888693106689363,1,84,84,84,1.0617403882543393
005930,699,11:39,17.563559598865375,16.8178047232417,1,84,84,84,0.7457548756236747
005930,700,11:40,17.86886971961248,16.532222106900957,1,84,84,84,1.3366476127115234
005930,701,11:41,17.85156871448838,16.97408840094021,1,84,84,84,0.877480313548169
005930,702,11:42,18.423208302714013,17.154271742163452,1,84,84,84,1.2689365605505607
005930,703,11:43,18.019853221375303,16.9799298974271,1,84,84,84,1.039923323948205
005930,704,11:44,17.93954747049959,16.7692391662511,1,84,84,84,1.1703083042484899
005930,705,11:45,17.81754398758789,16.86430085872633,1,84,84,84,0.9532431288615584
005930,706,11:46,17.886015880625955,16.730405031916888,1,84,84,84,1.1556108487090668
005930,707,11:47,18.02796319354568,16.863030633487366,1,84,84,84,1.1649325600583147
005930,708,11:48,17.83649075638696,16.977171707689752,1,84,84,84,0.8593190486972091
005930,709,11:49,17.94198890738119,16.918312717699763,1,84,84,84,1.023676189681428
005930,710,11:50,17.81643807533657,16.739675180055286,1,84,84,84,1.0767628952812842
005930,711,11:51,17.674571247288224,17.025488976228804,1,84,84,84,0.6490822710594202
005930,712,11:52,17.961071056650624,16.80249743499491,1,84,84,84,1.1585736216557159
005930,713,11:53,17.79461355811313,17.065722279983316,1,84,84,84,0.7288912781298151
005930,714,11:54,17.938990525496187,16.957702083843845,1,84,84,84,0.9812884416523424
005930,715,11:55,17.84802447851112,16.571264855853553,1,84,84,84,1.2767596226575684
005930,716,11:56,17.783434308268554,16.679073950547775,1,84,84,84,1.104360357720779
005930,717,11:57,17.868843040580487,16.657428505368923,1,84,84,84,1.2114145352115635
005930,718,11:58,17.74665091695837,16.647972751536166,1,84,84,84,1.0986781654222035
005930,719,11:59,17.790676092010106,16.699406181392725,1,84,84,84,1.091269910617381
005930,720,12:00,17.946141471794757,16.65607083604807,1,84,84,84,1.2900706357466873
005930,721,12:01,17.782005816708157,16.558503556962627,1,83,83,83,1.2235022597455298
005930,722,12:02,17.748172891919314,16.577887894843247,1,83,83,83,1.1702849970760667
005930,723,12:03,17.773495888146552,16.560076841349264,1,83,83,83,1.2134190467972878
005930,724,12:04,18.12773454135036,16.903913255770668,1,84,84,84,1.2238212855796924
005930,725,12:05,17.89014111561829,16.53649767075196,1,84,84,84,1.3536434448663321
005930,726,12:06,17.96173847380292,16.590079071410862,1,84,84,84,1.3716594023920585
005930,727,12:07,17.976309436045444,16.626754012428894,1,84,84,84,1.3495554236165503
005930,728,12:08,17.93843331138872,16.66083187659737,1,84,84,84,1.2776014347913502
005930,729,12:09,17.915441181621425,16.595558821305893,1,84,84,84,1.3198823603155319
005930,730,12:10,17.88855337766009,16.583440908832348,1,83,83,83,1.305112468827744
005930,731,12:11,18.081773742689574,16.81678968961702,1,83,83,83,1.2649840530725527
005930,732,12:12,17.788056444306278,16.582283923009687,1,83,83,83,1.2057725212965913
005930,733,12:13,17.74117790018417,16.648373370048436,1,83,83,83,1.0928045301357336
005930,734,12:14,17.836382964950207,16.724679877941774,1,83,83,83,1.1117030870084328
005930,735,12:15,17.80219457012921,16.740066976425204,1,83,83,83,1.0621275937040053
005930,736,12:16,17.749329371388505,16.470568028209694,1,83,83,83,1.278761343178811
005930,737,12:17,18.01058779227337,16.439633777064845,1,83,83,83,1.5709540152085246
005930,738,12:18,18.032858874030865,16.860008987362903,1,83,83,83,1.1728498866679615
005930,739,12:19,17.87467961554212,16.313621566346246,1,83,83,83,1.561058049195875
005930,740,12:20,17.86883264942509,16.55519191627163,1,83,83,83,1.3136407331534592
005930,741,12:21,17.91548280018092,16.908994951632376,1,83,83,83,1.0064878485485451
005930,742,12:22,17.914604558693846,16.61659343097969,1,83,83,83,1.2980111277141546
005930,743,12:23,17.914583401567786,16.69992947490373,1,83,83,83,1.214653926664056
005930,744,12:24,17.896960445064142,16.53585181512893,1,83,83,83,1.361108629935213
005930,745,12:25,17.965826397292542,16.55805370794345,1,83,83,83,1.4077726893490912
005930,746,12:26,17.96576403226129,16.495699142912294,1,83,83,83,1.470064889348997
005930,747,12:27,17.898237326031364,16.761764559825224,1,83,83,83,1.1364727662061398
005930,748,12:28,18.073744300585915,16.678772838176386,1,83,83,83,1.3949714624095293
005930,749,12:29,17.93670961136985,16.377300117120807,1,83,83,83,1.5594094942490422
005930,750,12:30,17.68332724437327,16.59834605906211,1,83,83,83,1.084981185311161
005930,751,12:31,17.67140173285551,16.388190195706922,1,83,83,83,1.2832115371485884
005930,752,12:32,17.703259086268364,16.138533360913534,1,82,82,82,1.5647257253548297
005930,753,12:33,17.633152065125913,16.504212449683283,1,82,82,82,1.1289396154426292
005930,754,12:34,17.82044898771506,16.327745840903923,1,82,82,82,1.492703146811138
005930,755,12:35,17.786429533697046,16.344704439472842,1,82,82,82,1.4417250942242035
005930,756,12:36,17.81048340236985,16.342062757173338,1,82,82,82,1.4684206451965132
005930,757,12:37,17.790659752966825,16.242101345806482,1,82,82,82,1.5485584071603427
005930,758,12:38,17.725769958514828,16.341502043970923,1,82,82,82,1.384267914543905
005930,759,12:39,17.607706147717792,16.221665667761883,1,82,82,82,1.3860404799559092
005930,760,12:40,17.679464575863843,16.491381229473618,1,82,82,82,1.1880833463902256
005930,761,12:41,18.00635098067841,16.5016484304074,1,83,83,83,1.5047025502710092
005930,762,12:42,17.813141658534597,16.52635336141593,1,83,83,83,1.2867882971186688
005930,763,12:43,17.646396369921003,16.35084242262327,1,83,83,83,1.2955539472977335
005930,764,12:44,17.646929223182585,16.328078987573896,1,83,83,83,1.3188502356086893
005930,765,12:45,17.786007842800956,16.45413044011972,1,83,83,83,1.3318774026812363
005930,766,12:46,17.72750428296116,16.502082125762904,1,83,83,83,1.2254221571982562
005930,767,12:47,17.668107712806894,16.163314214356486,1,83,83,83,1.5047934984504074
005930,768,12:48,17.69161550049537,16.275829091127004,1,83,83,83,1.4157864093683656
005930,769,12:49,17.68426990577172,16.177520029839037,1,83,83,83,1.5067498759326838
005930,770,12:50,17.636830622368212,16.242350305342903,1,83,83,83,1.3944803170253088
005930,771,12:51,17.69642803744073,16.369147615290323,1,83,83,83,1.3272804221504053
005930,772,12:52,17.627838783342767,16.197834448082414,1,83,83,83,1.430004335260353
005930,773,12:53,17.636730726137294,16.292618162794458,1,83,83,83,1.3441125633428364
005930,774,12:54,17.634697044351764,16.145138351334953,1,83,83,83,1.4895586930168108
005930,775,12:55,17.8432823771453,16.273477123186098,1,83,83,83,1.5698052539592027
005930,776,12:56,17.781003521747856,16.30269986727135,1,83,83,83,1.4783036544765054
005930,777,12:57,17.733740540002145,16.47298339452838,1,83,83,83,1.2607571454737645
005930,778,12:58,17.695026307074947,16.227058176056563,1,83,83,83,1.4679681310183845
005930,779,12:59,17.6798336335959,16.366998942587283,1,83,83,83,1.312834691008618
005930,780,13:00,17.55043268347181,16.549431594781307,1,83,83,83,1.0010010886905043
005930,781,13:01,17.61579759125143,16.46851566667399,1,83,83,83,1.1472819245774382
005930,782,13:02,17.661082792778757,16.11559934595987,1,83,83,83,1.5454834468188885
005930,783,13:03,17.783954018187902,16.35783548968718,1,84,84,84,1.426118528500723
005930,784,13:04,17.83443860143521,16.58431555630979,1,84,84,84,1.2501230451254202
005930,785,13:05,17.91705044444446,16.45670665963075,1,84,84,84,1.460343784813709
005930,786,13:06,17.714800232963068,16.498567573259617,1,84,84,84,1.2162326597034507
005930,787,13:07,17.548555444036975,16.185735494812814,1,84,84,84,1.3628199492241606
005930,788,13:08,17.675012126789582,16.243482239668715,1,84,84,84,1.4315298871208668
005930,789,13:09,17.53923025034816,16.12687254819357,1,84,84,84,1.4123577021545906
005930,790,13:10,17.70361175828553,16.198575696323108,1,84,84,84,1.5050360619624215
005930,791,13:11,17.554800395757773,16.125661990502874,1,84,84,84,1.4291384052548999
005930,792,13:12,17.607702351084825,16.222177967665328,1,84,84,84,1.3855243834194972
005930,793,13:13,17.622641380680694,16.30824414558229,1,84,84,84,1.3143972350984043
005930,794,13:14,17.550908238863137,16.017324979291203,1,84,84,84,1.5335832595719339
005930,795,13:15,17.415203349162066,16.08393170918386,1,84,84,84,1.3312716399782047
005930,796,13:16,17.486234406139054,16.07982222486502,1,84,84,84,1.4064121812740353
005930,797,13:17,17.592590699058764,16.106771678415036,1,84,84,84,1.4858190206437278
005930,798,13:18,17.6013896782097,16.185932667701127,1,84,84,84,1.4154570105085718
005930,799,13:19,17.609303698988274,15.982372347896169,1,84,84,84,1.6269313510921055
005930,800,13:20,17.53520062454274,16.01171549597287,1,84,84,84,1.5234851285698703
005930,801,13:21,17.58129535101018,16.243450011085194,1,84,84,84,1.3378453399249857
005930,802,13:22,17.630870882890246,16.23643515558799,1,84,84,84,1.3944357273022554
005930,803,13:23,17.47629596218805,16.150544679762262,1,84,84,84,1.325751282425788
005930,804,13:24,17.59686221204249,15.898088587178952,1,84,84,84,1.6987736248635361
005930,805,13:25,17.37366952712546,16.536278552128433,1,84,84,84,0.8373909749970281
005930,806,13:26,17.552817484236687,16.43359104285136,1,84,84,84,1.119226441385326
005930,807,13:27,17.559334399805,16.303749916204747,1,84,84,84,1.255584483600252
005930,808,13:28,17.449719566689815,16.30135564496909,1,83,83,83,1.1483639217207262
005930,809,13:29,17.83370068194328,16.23964187431911,1,83,83,83,1.5940588076241724
005930,810,13:30,17.570958505793676,16.11762201085449,1,83,83,83,1.4533364949391867
005930,811,13:31,17.603013050543964,16.208040542477015,1,83,83,83,1.3949725080669495
005930,812,13:32,17.48492109559557,16.335395725213704,1,83,83,83,1.1495253703818662
005930,813,13:33,17.564685910325007,16.345092533069415,1,83,83,83,1.2195933772555918
005930,814,13:34,17.543972727278767,16.12314405968899,1,83,83,83,1.4208286675897774
005930,815,13:35,17.611395671081308,16.209147257153344,1,83,83,83,1.402248413927964
005930,816,13:36,17.456042939331446,16.410697558487527,1,83,83,83,1.0453453808439193
005930,817,13:37,17.560542921454232,16.380465100524056,1,83,83,83,1.180077820930176
005930,818,13:38,17.50709683594093,16.4012281598825,1,83,83,83,1.1058686760584315
005930,819,13:39,17.64474041155384,16.285689887820165,1,83,83,83,1.359050523733675
005930,820,13:40,17.480242978442078,16.338014577305756,1,83,83,83,1.1422284011363217
005930,821,13:41,17.434079492917828,16.340737812003276,1,83,83,83,1.093341680914552
005930,822,13:42,17.49398416363582,16.436300727017375,1,83,83,83,1.0576834366184436
005930,823,13:43,17.51751381720324,16.1049658550756,1,83,83,83,1.4125479621276398
005930,824,13:44,17.436571727285383,16.242892707287986,1,83,83,83,1.193679019997397
005930,825,13:45,17.624668150424657,16.110289717081034,1,83,83,83,1.514378433343623
005930,826,13:46,17.53595788693344,16.23636030001416,1,83,83,83,1.2995975869192797
005930,827,13:47,17.470444091600108,16.20549525323162,1,83,83,83,1.2649488383684862
005930,828,13:48,17.484685070192086,16.113289332762054,1,83,83,83,1.3713957374300314
005930,829,13:49,17.61834507825151,16.002119007674033,1,83,83,83,1.6162260705774791
005930,830,13:50,17.48213271062849,16.2435417357686,1,83,83,83,1.2385909748598927
005930,831,13:51,17.259570633994908,16.311831327225576,1,82,82,82,0.947739306769332
005930,832,13:52,17.618934483655924,16.37076511056956,1,82,82,82,1.2481693730863626
005930,833,13:53,17.55738168002354,16.310345726679383,1,82,82,82,1.247035953344156
005930,834,13:54,17.491334864662587,16.37498086088981,1,82,82,82,1.116354003772777
005930,835,13:55,17.58134557998287,16.402572905294633,1,82,82,82,1.1787726746882363
005930,836,13:56,17.46298791147809,16.254050494051846,1,82,82,82,1.2089374174262453
005930,837,13:57,17.62166119646652,16.263404540338414,1,82,82,82,1.3582566561281055
005930,838,13:58,17.51913627242475,16.17114225147662,1,82,82,82,1.3479940209481285
005930,839,13:59,17.516468557797673,16.368622105038025,1,83,83,83,1.147846452759648
005930,840,14:00,17.754167497057352,16.89112809762743,1,83,83,83,0.8630393994299226
005930,841,14:01,17.71189518994629,16.57358153849925,1,83,83,83,1.1383136514470387
005930,842,14:02,17.970401338903155,16.513735711801043,1,83,83,83,1.4566656271021117
005930,843,14:03,17.79316512905053,16.56655953535103,1,83,83,83,1.2266055936994995
005930,844,14:04,17.609236627588274,16.635678393830826,1,83,83,83,0.9735582337574478
005930,845,14:05,17.80825328582955,16.58336507178676,1,83,83,83,1.2248882140427924
005930,846,14:06,17.787904153939,16.452842010466075,1,83,83,83,1.3350621434729248
005930,847,14:07,17.731208405233176,16.785616542641865,1,83,83,83,0.9455918625913107
005930,848,14:08,17.672874866592934,16.64708219988591,1,83,83,83,1.025792666707023
005930,849,14:09,17.776527631719052,16.437301513812297,1,83,83,83,1.3392261179067546
005930,850,14:10,17.797780937486305,16.5632428089955,1,83,83,83,1.2345381284908044
005930,851,14:11,17.691566226089595,16.73505142145376,1,83,83,83,0.9565148046358338
005930,852,14:12,17.828062043162852,16.727330469822885,1,83,83,83,1.1007315733399672
005930,853,14:13,17.847745936445552,16.66053756610189,1,83,83,83,1.1872083703436616
005930,854,14:14,17.77276292274237,16.695168867176744,1,83,83,83,1.0775940555656263
005930,855,14:15,17.711685825135845,16.67172791793263,1,83,83,83,1.0399579072032168
005930,856,14:16,17.88334525984046,16.652006458677896,1,83,83,83,1.2313388011625648
005930,857,14:17,17.88452096342823,16.887449677241534,1,83,83,83,0.9970712861866957
005930,858,14:18,17.784307617268585,16.524777160250885,1,83,83,83,1.2595304570177
005930,859,14:19,17.799780417636594,16.50463425279035,1,83,83,83,1.2951461648462441
005930,860,14:20,17.645294825855782,16.906779401728063,1,83,83,83,0.7385154241277192
005930,861,14:21,17.72015006687562,16.549594224986556,1,83,83,83,1.1705558418890654
005930,862,14:22,17.743074654296606,16.49315853188141,1,84,84,84,1.249916122415197
005930,863,14:23,17.982024476157115,16.767800180191095,1,84,84,84,1.2142242959660194
005930,864,14:24,17.780865242207817,16.5454912377741,1,84,84,84,1.2353740044337158
005930,865,14:25,17.773617433180114,16.693189438668917,1,84,84,84,1.0804279945111972
005930,866,14:26,17.768315783050724,16.689933213518163,1,84,84,84,1.078382569532561
005930,867,14:27,17.628031055946796,16.798763378520707,1,84,84,84,0.8292676774260883
005930,868,14:28,17.7603039940742,16.72811577712757,1,84,84,84,1.0321882169466292
005930,869,14:29,17.78552781877527,16.260549396531527,1,84,84,84,1.5249784222437448
005930,870,14:30,17.83572332877574,16.669007027534786,1,84,84,84,1.1667163012409532
005930,871,14:31,17.790512978029483,16.68562050198877,1,84,84,84,1.104892476040714
005930,872,14:32,17.771180958096178,16.542450848503886,1,84,84,84,1.2287301095922913
005930,873,14:33,17.733539087247983,16.558705867066028,1,83,83,83,1.1748332201819558
005930,874,14:34,17.85167622342959,16.827699098230323,1,83,83,83,1.0239771251992664
005930,875,14:35,17.720058017861614,16.4291890637896,1,83,83,83,1.290868954072014
005930,876,14:36,17.724525145280428,16.590998456239035,1,83,83,83,1.1335266890413926
005930,877,14:37,17.787816231951872,16.914829006016117,1,83,83,83,0.8729872259357556
005930,878,14:38,17.894884796518138,16.691682652588412,1,83,83,83,1.203202143929726
005930,879,14:39,17.707820471108242,16.80990077871495,1,83,83,83,0.8979196923932911
005930,880,14:40,17.721499663625586,16.74853942805709,1,83,83,83,0.9729602355684968
005930,881,14:41,17.74383197629056,16.704394327279793,1,83,83,83,1.0394376490107682
005930,882,14:42,17.8147260409679,16.83837001256292,1,83,83,83,0.9763560284049824
005930,883,14:43,17.782588858525266,16.947475594121716,1,83,83,83,0.8351132644035495
005930,884,14:44,17.81857225837098,16.645628737275764,1,83,83,83,1.1729435210952168
005930,885,14:45,18.021000660829795,16.790960577693085,1,83,83,83,1.2300400831367106
005930,886,14:46,17.8548423239575,16.650697343621573,1,83,83,83,1.2041449803359257
005930,887,14:47,17.765777492235845,16.67722848275575,1,83,83,83,1.0885490094800936
005930,888,14:48,17.795711334184126,16.670504111501348,1,83,83,83,1.1252072226827785
005930,889,14:49,17.731173387022096,16.727826250662254,1,83,83,83,1.0033471363598423
005930,890,14:50,17.914994772640892,16.870888643545232,1,83,83,83,1.0441061290956597
005930,891,14:51,17.716501623616324,16.909786186836016,1,83,83,83,0.8067154367803084
005930,892,14:52,17.924635878529113,16.904937075475445,1,83,83,83,1.019698803053668
005930,893,14:53,17.927581697834206,16.819429445598942,1,83,83,83,1.1081522522352643
005930,894,14:54,17.800143543445635,16.93410843241288,1,83,83,83,0.8660351110327547
005930,895,14:55,17.8209709263123,16.909463321143,1,83,83,83,0.9115076051692981
005930,896,14:56,17.84571875468066,16.87753808355837,1,83,83,83,0.9681806711222904
005930,897,14:57,17.7606667282914,16.61293560524153,1,83,83,83,1.1477311230498728
005930,898,14:58,17.830956184019573,16.769475337166764,1,83,83,83,1.0614808468528096
005930,899,14:59,17.85849619543451,17.040082431034264,1,82,82,82,0.818413764400244
005930,900,15:00,17.849202170548875,16.944999474645627,1,82,82,82,0.9042026959032476
005930,901,15:01,17.89272269844957,16.762671895374442,1,82,82,82,1.1300508030751288
005930,902,15:02,17.841496807529396,16.84377238494448,1,83,83,83,0.9977244225849162
005930,903,15:03,17.675641521391178,16.897913089746087,1,83,83,83,0.777728431645091
005930,904,15:04,17.94865192900175,16.948922671075255,1,84,84,84,0.9997292579264929
005930,905,15:05,17.715257153920085,16.948339105228296,1,84,84,84,0.7669180486917888
005930,906,15:06,17.817220491818972,16.949058491297972,1,84,84,84,0.868162000521
005930,907,15:07,17.82366978123415,16.89972131547798,1,84,84,84,0.923948465756169
005930,908,15:08,17.979892063529228,17.12506041579699,1,84,84,84,0.8548316477322366
005930,909,15:09,17.796655388220987,17.147140151699816,1,84,84,84,0.6495152365211716
005930,910,15:10,17.82929111042052,16.96754810604794,1,84,84,84,0.8617430043725811
005930,911,15:11,18.010983857878404,16.93407428613515,1,84,84,84,1.0769095717432542
005930,912,15:12,17.800967510957495,17.274995714264417,1,84,84,84,0.5259717966930779
005930,913,15:13,17.99452522131745,16.978466177239344,1,84,84,84,1.016059044078105
005930,914,15:14,17.94879574516461,17.157660340479058,1,84,84,84,0.7911354046855514
005930,915,15:15,17.872637435888034,17.236367457411678,1,84,84,84,0.6362699784763564
005930,916,15:16,17.770369211815268,17.246246280664476,1,84,84,84,0.5241229311507922
005930,917,15:17,17.83033638083538,17.344764221686965,1,84,84,84,0.4855721591484148
005930,918,15:18,17.998093174820458,17.370174929842936,1,84,84,84,0.627918244977522
005930,919,15:19,17.948851832485655,17.541134371733538,1,84,84,84,0.40771746075211723
