mode,scope,group,metric,stock_days,codes,days,nxt_mean,krx_mean,delta_mean,delta_median,delta_q25,delta_q75,nxt_lower_pct,nxt_stock_median,krx_stock_median,cluster_se,ci95_low,ci95_high,p_value,cluster_df
main,common_minutes,ALL,es_bp,51889,644,84,37.38463643235464,23.752658195120844,13.631978237233797,8.777909402642884,3.719099162197537,17.852601548479612,5.573435602921621,33.01435195232902,21.72671615024052,0.6416987813161431,12.355665170208571,14.908291304259023,2.6051051755642577e-35,83
main,common_minutes,ALL,es_bp_v2,51889,644,84,36.61061957212936,25.425863704311364,11.184755867817989,6.510322419792892,1.552177419594333,15.58229387770253,15.646861569889573,31.41292918179066,22.806793821444053,0.6333783404212431,9.924991823086044,12.444519912549934,7.610669534047069e-30,83
main,common_minutes,ALL,rs15_bp,51889,644,84,18.5033492740441,0.4872994298577426,18.016049844186355,12.542684768677093,3.0101391720748194,26.547736488227123,16.383048430303145,16.051419763309895,0.10156854445623612,0.8625073647054066,16.30055738568243,19.73154230269028,8.50222731840376e-35,83
main,common_minutes,ALL,rs60_bp,51889,644,84,8.960009471025304,-2.4865244852646238,11.44653395628993,5.634687980734401,-3.143138785665818,20.224643015065666,34.28279596831699,4.822120691160633,-2.3594845767855737,0.8349505186872502,9.785850956184598,13.107216956395261,4.961192517862466e-23,83
main,common_minutes,ALL,rs300_bp,51889,644,84,-1.2307188290896007,-3.94970020767281,2.71898137858321,0.13984500539399392,-10.950624833958297,12.81479642993709,49.61552544855364,-3.1918722448036227,-3.186696469697865,0.6503053268898421,1.4255502385656524,4.012412518600767,7.151802126221408e-05,83
main,common_minutes,ALL,pi15_bp,51889,644,84,18.866376629015036,23.233260612509238,-4.366883983494198,-3.0616970363632863,-9.937126027504556,2.715847263713254,63.8227755400952,16.88865418121082,21.344436213172752,0.30698215484867186,-4.9774591427197095,-3.7563088242686855,5.712264289290645e-24,83
main,common_minutes,ALL,pi60_bp,51889,644,84,28.389233428358455,26.146759723599867,2.2424737047585817,2.971071532156145,-5.098061256180639,10.517824535024209,39.38599703212627,25.742436896026796,23.921228764004987,0.35897106412582297,1.5284946959656407,2.9564527135515224,1.7083798777440774e-08,83
main,common_minutes,ALL,pi300_bp,51889,644,84,38.61012123346268,27.555141553568095,11.054979679894581,9.498831448864063,-0.8469235416512273,21.778971662212413,26.78216963132841,34.858025843101586,24.829960312120228,0.4370894873587486,10.18562626920065,11.924333090588512,9.161110421134532e-41,83
main,common_minutes,ALL,quoted_spread_bp,51889,644,84,39.98777658943919,26.22460582130838,13.763170768130811,8.58122529778268,3.4615451405734987,17.800172871669208,3.5922835283007957,34.532308311754946,23.591465048386105,0.7567034874184811,12.25811796613717,15.268223570124452,1.0782063277814219e-30,83
main,common_minutes,ALL,depth_krw,51889,644,84,25318475.20463648,44972911.61984903,-19654436.415212553,-1044154.8320270716,-4374340.424896095,-18252.71305915166,75.58442059010581,3477613.41345763,4518642.66842252,6744495.602038326,-33068966.905235052,-6239905.925190056,0.004582731549817901,83
main,common_minutes,KOSDAQ,es_bp,23004,285,84,39.79005167911541,26.882721462053762,12.907330217061638,8.942467731484621,3.8829564072095044,17.50252652288514,6.6466701443227265,36.4217129868339,24.535622397240303,0.700972725906101,11.513123658234655,14.301536775888621,4.7458122505134585e-31,83
main,common_minutes,KOSDAQ,es_bp_v2,23004,285,84,39.29211194615727,28.97885329205297,10.313258654104303,6.537425364651016,1.5155280329890655,15.07385364918334,16.74491392801252,35.49201543591185,25.889540762000014,0.6956117359938093,8.929714888594793,11.696802419613812,4.803994870430106e-25,83
main,common_minutes,KOSDAQ,rs15_bp,23004,285,84,19.033197369924224,1.0421423130528178,17.99105505687141,13.423538671588421,4.130508401847815,26.708767643143,14.175795513823683,16.469139001568387,0.4714305664761999,0.9972756223859403,16.00751395419662,19.9745961595462,1.8563080001397974e-30,83
main,common_minutes,KOSDAQ,rs60_bp,23004,285,84,7.693559402629562,-2.692103713788763,10.385663116418325,5.792818755907653,-2.981881300951091,19.04586697084801,33.063814988697615,4.011978158478265,-2.9211505923895738,0.9647169181367983,8.466879966989698,12.304446265846952,2.0115881223818997e-17,83
main,common_minutes,KOSDAQ,rs300_bp,23004,285,84,-3.8492424448121767,-4.695513143880583,0.8462706990684071,-0.43859705734453636,-12.849355737846437,12.470538578307027,51.00417318727178,-5.1121106330747015,-4.083169340965018,0.7027335653216046,-0.5514380985353596,2.243979496672174,0.23191383655752618,83
main,common_minutes,KOSDAQ,pi15_bp,23004,285,84,20.747085353427348,25.80375923000594,-5.056673876578594,-3.8494205916886832,-10.795291295243409,1.930518094216711,67.41436271952705,18.91892409404479,23.22114289554722,0.4240674572973692,-5.900126993224209,-4.2132207599329785,1.119929829393756e-19,83
main,common_minutes,KOSDAQ,pi60_bp,23004,285,84,32.06116565871126,29.47062685789022,2.5905388008210446,2.9681420221145327,-5.099365663470785,11.040037085797286,39.80612067466527,29.22656400627155,26.793559675180443,0.47907163132188846,1.637684594298905,3.5433930073431843,6.029644383985288e-07,83
main,common_minutes,KOSDAQ,pi300_bp,23004,285,84,43.63771513683818,31.408024378539036,12.229690758299142,10.440916932004463,-1.0329818005564886,24.25574160914205,27.160493827160494,40.939587765092725,28.5951393666779,0.556866427644798,11.122105830783816,13.337275685814468,2.4914350965422682e-36,83
main,common_minutes,KOSDAQ,quoted_spread_bp,23004,285,84,42.83054030860706,30.183563735659423,12.646976572947644,8.332883315795266,3.3386665308066323,16.816498214344346,5.633802816901409,38.82864189966566,27.756587559691884,0.8483641308087679,10.959614437825744,14.334338708069543,3.4485913608123844e-25,83
main,common_minutes,KOSDAQ,depth_krw,23004,285,84,6122818.389917943,11594191.916396175,-5471373.52647823,-482116.4315388504,-1749810.3382132195,166978.03257977875,67.9925230394714,2770349.255959226,3401904.491588277,3731202.9106316417,-12892586.047397066,1949838.9944406059,0.14632252312692454,83
main,common_minutes,KOSPI,es_bp,28885,359,84,35.46896489569254,21.259877326416497,14.209087569276042,8.657622837321142,3.6188279869565534,18.148981616831946,4.7187121343257745,30.35664131086913,19.97492884702087,0.8086516638668536,12.600711933673145,15.817463204878939,1.0549155356644891e-29,83
main,common_minutes,KOSPI,es_bp_v2,28885,359,84,34.475080345120936,22.596264518699183,11.878815826421754,6.479484187434728,1.5772211741519229,15.941890312642302,14.772373204085165,29.020883524020363,20.773593274722572,0.7934873571080069,10.300601387056442,13.457030265787065,2.6700842938855543e-25,83
main,common_minutes,KOSPI,rs15_bp,28885,359,84,18.08137850729228,0.04542282660278292,18.035955680689494,11.784807496670137,2.2006014627954453,26.401601435173248,18.14090358317466,15.080921259472689,-0.31533405757114336,1.1029586945605034,15.84221519801415,20.229696163364835,1.0980022810457514e-27,83
main,common_minutes,KOSPI,rs60_bp,28885,359,84,9.968609691671857,-2.3228012873082693,12.291410978980128,5.490000122180927,-3.2545212824553165,21.19997863020739,35.253591829669375,5.3435763710296085,-1.8539062522190313,1.1038224785161297,10.095952464758284,14.486869493201972,3.787910080982658e-18,83
main,common_minutes,KOSPI,rs300_bp,28885,359,84,0.854672109324183,-3.355735146758024,4.210407256082207,0.5505080366376243,-9.652891468659739,13.092710636570597,48.50960706248918,-1.8193221289563053,-2.2552682740798007,0.8906038214842495,2.4390320750797345,5.9817824370846795,9.180821246245508e-06,83
main,common_minutes,KOSPI,pi15_bp,28885,359,84,17.368581112436164,21.186116759405746,-3.8175356469695845,-2.3943361361418045,-9.28392609069225,3.2155381568046195,60.962437251168424,15.261759301037475,19.390496993078724,0.4092406068019818,-4.6314987543132045,-3.0035725396259645,1.4387932444763166e-14,83
main,common_minutes,KOSPI,pi60_bp,28885,359,84,25.4649083798199,23.49963354886506,1.9652748309548471,2.9718597504345112,-5.096295224787305,10.165721944107467,39.051410766833996,22.594240759059673,21.53273384996724,0.48605882174627074,0.9985233837021861,2.932026278207508,0.00011738223711568983,83
main,common_minutes,KOSPI,pi300_bp,28885,359,84,34.6061478855918,24.48670753917891,10.119440346412896,8.82244695058229,-0.6584563567129464,19.924298444717707,26.480872425134155,30.585045002978347,22.044385434472332,0.5000583310628319,9.124844438187408,11.114036254638384,7.698526786631387e-34,83
main,common_minutes,KOSPI,quoted_spread_bp,28885,359,84,37.72380094132641,23.071693657149428,14.65210728417698,8.80742122264288,3.5577116594231732,18.672117804084742,1.9664185563441232,31.303497491572884,21.18117287916862,0.9439511548475,12.774626402735406,16.529588165618556,2.8928729562117867e-26,83
main,common_minutes,KOSPI,depth_krw,28885,359,84,40605886.98811528,71555707.81366001,-30949820.825544707,-1961818.726864351,-9388761.625516202,-303712.4735742989,81.63060411978536,4476766.937259715,6313268.729223386,11669987.67383412,-54160956.94394068,-7738684.707148738,0.00958141522016727,83
main,common_minutes,1_low,es_bp,17672,215,84,51.774063313921076,30.026706926790723,21.747356387130353,15.936143383281669,7.121576909763894,29.46320088203222,8.363512901765505,45.36783554832965,27.117439553835805,1.1619220558604337,19.436340150325513,24.058372623935192,1.5865068309171958e-31,83
main,common_minutes,1_low,es_bp_v2,17672,215,84,51.362889927118175,32.61528638277176,18.74760354434642,13.367019268211836,4.27830524532803,26.82782284354236,14.559755545495701,44.31130739656362,28.75523667428475,1.1572578179250341,16.445864289200255,21.04934279949258,1.9879257821576802e-27,83
main,common_minutes,1_low,rs15_bp,17672,215,84,34.530506697118355,1.8987443162590734,32.631762380859286,26.451012836404683,13.887646006731938,44.45477287748249,6.4339067451335445,29.42499515097029,2.2165232953341025,1.4100520833015555,29.827225499220294,35.43629926249828,5.900543089226779e-38,83
main,common_minutes,1_low,rs60_bp,17672,215,84,25.650114968958498,-2.082861044420179,27.73297601337868,21.66450480350229,8.34394345738442,40.3904018910486,12.624490719782708,21.54708980887117,-1.7260876032299715,1.4352893244265164,24.878243274179557,30.5877087525778,1.838648143731328e-32,83
main,common_minutes,1_low,rs300_bp,17672,215,84,10.171270970542139,-4.2633059587255815,14.434576929267722,10.260319572971973,-5.066026491844071,28.745278642927776,32.24875509280217,7.720149213436616,-3.496098606690352,1.2522427196610495,11.943916524844735,16.92523733369071,6.546255950292696e-19,83
main,common_minutes,1_low,pi15_bp,17672,215,84,17.21474180970532,28.069838980019533,-10.855097170314211,-9.495195731677821,-17.89625753093083,-2.6618674006969414,82.02240832956089,13.472241369230591,24.48905914071947,0.4317835483358948,-11.713897281695624,-9.996297058932798,1.427550351608302e-40,83
main,common_minutes,1_low,pi60_bp,17672,215,84,26.05236794121209,31.939004356806773,-5.886636415594681,-5.181418422856627,-15.201849952249052,3.8622063242148865,65.48777727478497,21.11288987893676,28.342046524748678,0.4896533470575109,-6.8605372291202205,-4.912735602069141,7.267907243713525e-20,83
main,common_minutes,1_low,pi300_bp,17672,215,84,41.574152795201854,34.0318038701644,7.542348925037451,6.2005993863230255,-7.226478063131438,21.01253281754282,37.64712539610684,36.21780185303792,30.403165953499403,0.600242899506703,6.348489939582897,8.736207910492006,6.703715741387756e-21,83
main,common_minutes,1_low,quoted_spread_bp,17672,215,84,56.94229369080059,33.853754929956956,23.088538760843633,16.760869059631304,8.103104262818503,30.269860746360933,4.88909008601177,49.2641500679014,30.55341743559041,1.3646287538966881,20.374347054472572,25.802730467214694,1.2366822790522793e-28,83
main,common_minutes,1_low,depth_krw,17672,215,84,2674619.7434512316,16527875.035765845,-13853255.292314615,-301604.61426835577,-1194302.9916857472,248753.51770662557,64.07876867360797,1664391.9421220901,2086472.9983788945,9645731.581607502,-33038227.458497293,5331716.873868063,0.154702276251586,83
main,common_minutes,2_mid,es_bp,17609,214,84,36.23563069554541,23.438552599748615,12.797078095796792,10.23065849903243,5.207762522643343,17.607762827395412,4.452268726219547,33.7007174404596,22.65190010421344,0.6269278541007443,11.55014380891889,14.044012382674694,4.227755421753157e-34,83
main,common_minutes,2_mid,es_bp_v2,17609,214,84,35.36419360778395,24.9944068770424,10.369786730741554,7.898737310673354,2.819877435896185,15.410687399220578,12.357317280935884,32.277967254428724,23.863949006545738,0.6309380459021029,9.11487633365996,11.624697127823147,7.950275507584827e-28,83
main,common_minutes,2_mid,rs15_bp,17609,214,84,17.506393470745483,0.2869972052649949,17.219396265480487,14.861822428710404,7.170070412769003,24.87420067700524,7.547276960645124,16.12007965441307,0.3019878053389755,0.7787942040602878,15.670405916571047,18.76838661438993,1.5427281129027684e-36,83
main,common_minutes,2_mid,rs60_bp,17609,214,84,5.5612973717577985,-3.030673864127526,8.591971235885323,6.801830808291498,-0.8584227245883873,16.82532977697611,27.485944687375774,4.7379216405401205,-2.5934985370696015,0.6928137923665032,7.213992467717722,9.969950004052924,1.3711718389987565e-20,83
main,common_minutes,2_mid,rs300_bp,17609,214,84,-6.35844735371778,-4.929885242258077,-1.4285621114597038,-1.0909672096901675,-12.350180921648485,9.709584139665793,52.57538758589357,-5.505802641388363,-4.018273798735931,0.5240496464356245,-2.4708757810351747,-0.3862484418842327,0.007818340576739686,83
main,common_minutes,2_mid,pi15_bp,17609,214,84,18.71810487829991,23.122712710385454,-4.404607832085541,-4.17813867907322,-9.32048271363354,0.4953965510364391,72.95701061956954,16.762104316289804,21.917017878256523,0.2841396848262887,-4.969750237156676,-3.839465427014406,3.140293819254318e-26,83
main,common_minutes,2_mid,pi60_bp,17609,214,84,30.650301987056686,26.392668157945202,4.257633829111486,3.189402207042665,-3.1333886670437217,10.75720197082088,36.805042875802144,28.40116346659385,24.888417205292996,0.3822594772554312,3.4973351032596516,5.017932554963322,3.741199385480319e-18,83
main,common_minutes,2_mid,pi300_bp,17609,214,84,42.61076254784877,28.238460652135608,14.372301895713166,12.180764281238318,1.7334823080066855,25.003700409499906,21.415185416548354,40.24772773652888,26.058369333254916,0.6030259489622445,13.172907536825301,15.571696254601031,7.029478117956789e-39,83
main,common_minutes,2_mid,quoted_spread_bp,17609,214,84,38.293166674223926,26.040026709196177,12.253139965027747,9.674620437461087,4.751317989050452,16.803260742856175,3.651541825203021,35.71240338401539,25.056637646138686,0.7230858865398355,10.814951219087714,13.691328710967781,1.1184753035818324e-28,83
main,common_minutes,2_mid,depth_krw,17609,214,84,4937339.885998655,7262670.944529946,-2325331.0585312904,-794896.6036037283,-2480987.5740435096,43143.81482970016,73.56465443807144,3346699.049687431,4288235.185560481,344943.5896317711,-3011409.984738129,-1639252.1323244516,1.940832669307516e-09,83
main,common_minutes,3_high,es_bp,16608,215,84,23.291602362534764,17.409696745388143,5.881905617146619,4.464683415043266,2.2023044546277815,7.963155360226239,3.7933526011560694,22.441532391458914,17.308396173971044,0.31956358911984917,5.246306491178817,6.51750474311442,4.875069741890912e-31,83
main,common_minutes,3_high,es_bp_v2,16608,215,84,22.234788231377646,18.23330865238621,4.001479578991434,2.580356013039321,0.40271033635059084,6.10426800297798,20.291425818882466,20.926624679776104,17.97270501864724,0.3081727835139581,3.388536307237544,4.614422850745324,1.0912537874196598e-21,83
main,common_minutes,3_high,rs15_bp,16608,215,84,2.506448308227456,-0.8021955219504596,3.3086438301779153,2.190647785633619,-1.9472801463478597,7.615972287132757,36.33790944123314,1.9548436337516,-0.718570904009414,0.40960228676799626,2.4939613559285974,4.123326304427233,4.555956951458728e-12,83
main,common_minutes,3_high,rs60_bp,16608,215,84,-5.195796345657854,-2.339102394357,-2.856693951300854,-2.738994568282436,-7.67920547110921,2.2242308335945444,64.53516377649325,-4.493832187821514,-2.470637700094682,0.31384667515259584,-3.480922365321067,-2.2324655372806412,4.0773370093425685e-14,83
main,common_minutes,3_high,rs300_bp,16608,215,84,-7.926395138634065,-2.5767402421973435,-5.3496548964367205,-4.34246182629521,-13.07945379558309,3.175871586991997,64.95664739884393,-6.679359556017417,-2.075094637098978,0.3696004475232952,-6.084775321295296,-4.614534471578145,2.0370596756775302e-24,83
main,common_minutes,3_high,pi15_bp,16608,215,84,20.78103268544471,18.204035245087255,2.576997440357457,2.139135705693481,-1.55454827629229,6.215906863419514,34.77239884393064,19.609563633893107,17.696170123379652,0.2535213878819771,2.072753596446018,3.0812412842688963,3.095673794645645e-16,83
main,common_minutes,3_high,pi60_bp,16608,215,84,28.478463356027856,19.72270211410932,8.75576124191854,7.572582613562746,2.699262281337841,13.483645946834345,14.348506743737957,26.58045452138666,18.98583191139415,0.37431951455207624,8.011254782539769,9.500267701297311,2.7285653374083723e-38,83
main,common_minutes,3_high,pi300_bp,16608,215,84,31.214428876521467,19.939044343454572,11.275384533066894,9.415424250414436,1.5379190509479983,19.393557981240882,20.91160886319846,28.797748025940027,18.375075767942224,0.5135554886272524,10.253943321299086,12.296825744834702,2.5409502543227282e-36,83
main,common_minutes,3_high,quoted_spread_bp,16608,215,84,23.743807404815332,18.302395473111496,5.441411931703838,3.83712422566619,1.78857852494385,7.385378201889969,2.1495664739884393,22.294842713592207,17.851879939122597,0.3616625320717875,4.722079701416743,6.160744161990933,1.968096666026195e-25,83
main,common_minutes,3_high,depth_krw,16608,215,84,71022571.1545377,115223412.25602509,-44200841.10148741,-6168596.859924865,-23175973.70508942,-1520223.8797121611,89.96868978805395,12055263.958006596,19917565.194246404,18198228.138639074,-80396384.93969244,-8005297.263282388,0.01730590411908746,83
main,common_minutes,005930,es_bp,84,1,84,17.801236079721324,17.29239642776533,0.5088396519559952,0.5435770260034083,0.308373424135306,0.7198354288537434,4.761904761904762,18.014927381799694,17.417007125768706,,,,,0
main,common_minutes,005930,es_bp_v2,84,1,84,17.32077304402016,16.64325081456919,0.677522229450975,0.6148840592410707,0.12795314929977142,1.0407928184228172,15.476190476190476,17.450614393408983,16.798816506500557,,,,,0
main,common_minutes,005930,rs15_bp,84,1,84,2.2089404242408417,1.4384548646007003,0.770485559640141,0.844928924773871,-0.4807845340858082,2.1864628336412597,35.714285714285715,2.4316502112203597,1.62477329068493,,,,,0
main,common_minutes,005930,rs60_bp,84,1,84,-0.7338062893460668,0.8424312942968499,-1.5762375836429168,-1.538694506428615,-2.7788734359744947,-0.028452102977098492,75.0,-0.7427103363638006,0.9916319471199739,,,,,0
main,common_minutes,005930,rs300_bp,84,1,84,-1.1927237550215568,0.46529150478169645,-1.6580152598032536,-1.8783281143159138,-3.4175265604709346,1.0597106006449963,67.85714285714286,-0.8685073513434687,0.722987790392583,,,,,0
main,common_minutes,005930,pi15_bp,84,1,84,15.592366350199645,15.853273222485173,-0.26090687228552867,-0.4603104531875939,-1.3902446653815579,0.7350641834091061,57.14285714285714,15.02374247236462,15.696705494795275,,,,,0
main,common_minutes,005930,pi60_bp,84,1,84,18.53417972769102,16.44825330752216,2.08592642016885,1.9701097605750473,0.531643363354374,3.3410536937200113,15.476190476190476,18.313300928591605,15.90780558367545,,,,,0
main,common_minutes,005930,pi300_bp,84,1,84,18.989900245010862,16.819841565538923,2.1700586794719388,2.3719538681112633,-0.38898773218154137,4.006452324280255,28.57142857142857,18.612904054863854,16.520483929219353,,,,,0
main,common_minutes,005930,quoted_spread_bp,84,1,84,18.191471959903772,17.91290540604823,0.2785665538555402,0.23568479168042877,0.1711832279591916,0.36944272363643105,0.0,18.27181503983627,18.01228128443346,,,,,0
main,common_minutes,005930,depth_krw,84,1,84,6085945601.276998,9622676106.718904,-3536730505.441906,-3176719868.244985,-4142104629.37039,-2497412494.5062065,100.0,5077484439.706851,8913733887.491743,,,,,0
main,common_minutes,000660,es_bp,83,1,83,6.079946827206712,5.829104462890457,0.2508423643162541,0.23061953190179896,0.062331165363785246,0.44469036884192814,20.481927710843372,6.1157080079798245,5.920170704745859,,,,,0
main,common_minutes,000660,es_bp_v2,83,1,83,6.21618187965932,6.190879782843366,0.025302096815956174,-0.023341242550246832,-0.22732670086416995,0.2853407867207496,51.80722891566265,6.170536962419957,6.184939300605977,,,,,0
main,common_minutes,000660,rs15_bp,83,1,83,-5.045701125304137,-0.8383213011592112,-4.207379824144925,-4.047826415482952,-5.400536964188765,-2.858394934253515,100.0,-5.115671562682243,-0.7044424192375415,,,,,0
main,common_minutes,000660,rs60_bp,83,1,83,-5.417787067438107,-0.908580603039561,-4.509206464398546,-4.385786423961916,-5.954145055570921,-3.1286201810619723,98.79518072289156,-5.4247070312505885,-0.9045248266654113,,,,,0
main,common_minutes,000660,rs300_bp,83,1,83,-5.95848627655891,-1.272758120964861,-4.685728155594049,-4.9333208577294645,-7.858795787298398,-1.4934063805903173,84.33734939759037,-5.7660401890507,-0.9986904056838971,,,,,0
main,common_minutes,000660,pi15_bp,83,1,83,11.125615005353453,6.667226745107163,4.45838826024629,4.238062131511126,3.052687677983711,5.6801643237087,0.0,10.837085802343736,6.577039315050251,,,,,0
main,common_minutes,000660,pi60_bp,83,1,83,11.498386084637598,6.737051348347043,4.761334736290554,4.76794523651484,3.406013183794649,6.080272243867995,1.2048192771084338,11.47746655603403,6.851845230812133,,,,,0
main,common_minutes,000660,pi300_bp,83,1,83,12.041252557737208,7.104197295044154,4.937055262693053,5.2600425956881045,1.7528711576077955,8.102513409407209,14.457831325301203,12.263419819088453,6.9389025481186195,,,,,0
main,common_minutes,000660,quoted_spread_bp,83,1,83,5.940095896536648,5.5433819883105055,0.3967139082261432,0.3692495238698461,0.214108717669502,0.5109856331468587,0.0,6.0625002463401385,5.553515152149904,,,,,0
main,common_minutes,000660,depth_krw,83,1,83,1030423555.7077185,1709288129.3683314,-678864573.6606126,-577861413.7886231,-836755905.3948038,-441922907.30203116,100.0,882751829.0733421,1625050888.1648235,,,,,0
main,full_stock_day,ALL,es_bp,51889,644,84,37.09743528771,22.83967428465289,14.257761003057105,9.25346119466229,3.9392176833320853,18.65326229876858,4.729326061400297,32.5251400417853,21.11316958455032,0.666096750919543,12.93292135577278,15.58260065034143,1.529919983421572e-35,83
main,full_stock_day,ALL,es_bp_v2,51889,644,84,36.3279963931851,24.248089353176262,12.079907040008841,7.08976517596961,1.8418315330293744,16.61831517590715,14.085837075295343,31.19657956401673,22.215101120957016,0.6655898763104144,10.756075545935666,13.403738534082017,1.2443869220295686e-30,83
main,full_stock_day,ALL,rs15_bp,51889,644,84,18.44858204962204,1.5090075089107042,16.939574540711334,12.08079804753571,2.9759411996289904,25.022044736435618,16.282834512131668,16.13902836356735,0.8541830671462893,0.813990889569685,15.320579399928228,18.55856968149444,1.1021865367955579e-34,83
main,full_stock_day,ALL,rs60_bp,51889,644,84,9.006115832505214,-1.303006705940687,10.3091225384459,5.232634412641779,-3.2800424575492038,18.713517948413003,34.787719940642525,4.8728424691427685,-1.4864963917229739,0.7835849022660327,8.750603683486275,11.867641393405524,5.214379354911703e-22,83
main,full_stock_day,ALL,rs300_bp,51889,644,84,-1.1332784329656362,-2.98500727978251,1.8517288468168742,-0.23264011278171282,-11.109565735084148,11.851322587129236,50.58490238778932,-3.1358971807379086,-2.349718114267076,0.6261226069234632,0.6063961641876832,3.0970615294460653,0.00403905937256845,83
main,full_stock_day,ALL,pi15_bp,51889,644,84,18.63413665834288,21.304800467150688,-2.670663808807807,-2.1496824867765483,-8.071129507015828,3.253552359821974,60.812503613482626,16.74757365690566,19.96761360024013,0.25211491858457413,-3.1721102418546607,-2.1692173757609536,4.398407864344109e-17,83
main,full_stock_day,ALL,pi60_bp,51889,644,84,28.056461939720144,24.066826011650562,3.989635928069585,3.8441972488786256,-3.3825909494925295,11.308971085261398,35.550887471333034,25.538714196393613,22.19207802527822,0.32209595677535563,3.349000024686365,4.630271831452805,1.4646634060732033e-20,83
main,full_stock_day,ALL,pi300_bp,51889,644,84,38.22112767169111,25.69355308803441,12.527574583656705,10.343193104597272,0.38168560694374776,22.743637033179347,24.184316521806164,34.49675951325263,23.03266556862789,0.4562172835001708,11.620176755754095,13.434972411559315,2.0470369546888346e-43,83
main,full_stock_day,ALL,quoted_spread_bp,51889,644,84,41.50496714963246,25.19395501734063,16.311012132291836,10.149320348449923,3.9883658570565057,21.31538297329036,2.570872439245312,35.69294747978722,22.873150061282544,0.8904672174515986,14.539908651216116,18.082115613367556,6.731363935705944e-31,83
main,full_stock_day,ALL,depth_krw,51889,644,84,25439998.222462017,45722713.480365515,-20282715.25790349,-1111420.4682265753,-4523532.777346991,-63539.49694448663,77.02210487771974,3371090.7903621,4563706.227945278,6886116.053730522,-33978923.13039201,-6586507.385414975,0.004183443079549485,83
main,full_stock_day,KOSDAQ,es_bp,23004,285,84,39.4621399699789,25.996760033076374,13.46537993690253,9.341216534767398,4.096395466505793,18.20444495210297,5.83376804034081,36.118407542832074,23.979894224331417,0.7298448082858049,12.013747967452412,14.917011906352647,4.161637280510686e-31,83
main,full_stock_day,KOSDAQ,es_bp_v2,23004,285,84,38.95627454763237,27.84249792489921,11.113776622733164,7.071981717229743,1.8243533634057423,16.034189472687686,15.223439401843159,35.49201543591185,25.249907467193125,0.7324710531987748,9.65692115777826,12.570632087688068,1.1752492703461776e-25,83
main,full_stock_day,KOSDAQ,rs15_bp,23004,285,84,18.982391333423678,1.875082811851643,17.107308521572037,12.998745655827669,4.094617739611218,25.35164656510412,14.027995131281514,16.619974034138163,1.1075404316419442,0.9460378938696193,15.225677200143746,18.988939843000328,1.585557736865843e-30,83
main,full_stock_day,KOSDAQ,rs60_bp,23004,285,84,7.7810842846471,-1.6917624624820076,9.472846747129106,5.481514623836117,-3.0850040565182617,17.829614728955775,33.42027473482872,4.306118963877148,-2.0494326808436005,0.9101187948107032,7.662657069069126,11.283036425189085,1.0189178696832585e-16,83
main,full_stock_day,KOSDAQ,rs300_bp,23004,285,84,-3.7122771567905932,-3.9100393997949334,0.19776224300434045,-0.6644738467085549,-12.913643371131009,11.675366734861596,51.647539558337684,-4.8261800346343335,-3.2054452653881,0.6828506428352672,-1.160400221461761,1.5559247074704419,0.7728347575392966,83
main,full_stock_day,KOSDAQ,pi15_bp,23004,285,84,20.46997937833956,24.090222830821528,-3.62024345248197,-3.0811036510261234,-9.207306178991914,2.4320736116188675,64.98000347765606,18.79609626642776,22.240944891867844,0.3638674694597068,-4.343961214551441,-2.8965256904124987,8.297641830384075e-16,83
main,full_stock_day,KOSDAQ,pi60_bp,23004,285,84,31.645530499319044,27.599945187314084,4.045585312004962,3.72020564857357,-3.770777548084869,11.745452055628984,36.532776908363765,29.07390055348525,25.231270618113314,0.4369547831094075,3.1764998226451895,4.9146708013647356,1.9837412705443865e-14,83
main,full_stock_day,KOSDAQ,pi300_bp,23004,285,84,43.168584762016685,29.75136547164318,13.417219290373504,11.17304380375307,-0.004681260885972094,25.046745924662595,25.01738828029908,40.26578892457303,26.988759896233,0.5857985723399929,12.252089490705227,14.582349090041781,1.2410285322591e-37,83
main,full_stock_day,KOSDAQ,quoted_spread_bp,23004,285,84,44.33479693689519,29.288909287156827,15.045887649738365,9.887004768304033,3.985374811481126,20.099846427856313,4.2079638323769775,39.691577085488944,27.177054947905056,1.0006876728501986,13.055560115922239,17.03621518355449,2.0495527286826177e-25,83
main,full_stock_day,KOSDAQ,depth_krw,23004,285,84,6225952.468135247,12701018.275608186,-6475065.807472939,-524959.4006073739,-1811852.7670962128,126523.57273589785,69.81829247087464,2709310.260759772,3385964.3535645856,4688250.286628756,-15799807.066972211,2849675.4520263337,0.17094736670456498,83
main,full_stock_day,KOSPI,es_bp,28885,359,84,35.214185624877594,20.325372724786742,14.888812900090857,9.151342141479134,3.8349104985270017,19.0535423581599,3.849749004673706,30.02725165721296,19.279502397415737,0.8401978216056922,13.217693225526348,16.559932574655363,6.04944732860932e-30,83
main,full_stock_day,KOSPI,es_bp_v2,28885,359,84,34.234836944858806,21.385504108796322,12.849332836062489,7.099948948315262,1.8550222836038426,17.093949199081628,13.179851133806475,28.870698957421666,20.09014152127267,0.8366164703620791,11.185336325080208,14.51332934704477,5.564918918365005e-26,83
main,full_stock_day,KOSPI,rs15_bp,28885,359,84,18.02345659472943,1.2174653150781494,16.805991279651284,11.265939082805065,2.1629310458840645,24.681044252437495,18.078587502163753,14.818265136281381,0.6208469559659212,1.0313718608206128,14.75463413007467,18.857348429227898,1.3735710883764843e-27,83
main,full_stock_day,KOSPI,rs60_bp,28885,359,84,9.981730363470353,-0.9934018098535644,10.975132173323919,5.007800808742834,-3.408617375389522,19.357553207641292,35.87675263977843,5.3435763710296085,-0.9913762706409519,1.029130385300295,8.928233228405464,13.022031118242374,3.180234031008006e-17,83
main,full_stock_day,KOSPI,rs300_bp,28885,359,84,0.9206349006978332,-2.2483121477497674,3.168947048447601,0.08075498205567344,-9.893496565033933,11.978560721459715,49.73861866020426,-1.8142866490854268,-1.378744675426986,0.8453599746622465,1.487560059074498,4.850334037820703,0.00032770393108308166,83
main,full_stock_day,KOSPI,pi15_bp,28885,359,84,17.17207240593493,19.086491446763493,-1.9144190408285644,-1.435947558592792,-7.137839848667557,3.7915854993025837,57.493508741561364,15.12039451438055,18.01447142882,0.32836825256531055,-2.5675302882673665,-1.2613077933897623,1.0264765393109627e-07,83
main,full_stock_day,KOSPI,pi60_bp,28885,359,84,25.198129478407587,21.253051612586553,3.945077865821033,3.9208416742776713,-3.0800009592232627,10.953337496068084,34.76891119958456,22.39380727689467,19.76145217724232,0.423643834000509,3.102467318874818,4.787688412767248,1.549420544820289e-14,83
main,full_stock_day,KOSPI,pi300_bp,28885,359,84,34.280975242892445,22.46191327247145,11.819061970421,9.840384562272767,0.6292162143107198,21.052048081514368,23.52085857711615,30.066184769739646,20.657380279911173,0.5138066370650456,10.797121234511568,12.841002706330432,9.109886749400955e-38,83
main,full_stock_day,KOSPI,quoted_spread_bp,28885,359,84,39.25129207862012,21.93273542160403,17.318556657016092,10.364050411926982,3.9927425000034624,22.308602540419304,1.2670936472217413,32.96870831589161,20.254383250782865,1.1181026647545287,15.094695426712661,19.542417887319523,3.2988034583651763e-26,83
main,full_stock_day,KOSPI,depth_krw,28885,359,84,40742054.94853206,72021175.53645821,-31279120.587926146,-2082691.4405226186,-9628158.18111778,-353850.1701129186,82.75921758698286,4353042.837066315,6516658.879142391,11699749.092472628,-54549450.97099505,-8008790.204857234,0.009037090919782545,83
main,full_stock_day,1_low,es_bp,17672,215,84,51.04777195188487,28.013567375956367,23.034204575928506,17.008101891162802,8.0977389988908,30.525523510476894,6.50181077410593,45.15283010661419,25.753917321264503,1.1969990729992515,20.65342156282604,25.41498758903097,2.4290202571774283e-32,83
main,full_stock_day,1_low,es_bp_v2,17672,215,84,50.649009135802785,30.00066371237157,20.64834542343121,14.803071702050334,5.67909755490223,28.57415512320688,11.328655500226347,43.79723382939401,27.476558510140407,1.2033709752924855,18.254888952944295,23.041801893918123,4.9769738251447176e-29,83
main,full_stock_day,1_low,rs15_bp,17672,215,84,34.3597056660448,3.8304682604009437,30.529237405643855,24.727070367483115,13.222415968145175,41.23646867346841,5.675645088275238,29.339517378439474,3.818099507132766,1.3195879673326822,27.904630012216053,33.153844799071656,6.026843888692002e-38,83
main,full_stock_day,1_low,rs60_bp,17672,215,84,25.695903995854344,0.1599454759630519,25.535958519891295,19.98892967264419,7.927969000429866,37.13223912049722,12.251018560434586,21.597349143781997,0.19953638446902414,1.3373727500294674,22.875977908980435,28.195939130802156,4.119667284487705e-32,83
main,full_stock_day,1_low,rs300_bp,17672,215,84,10.338089809692665,-2.5328703294896346,12.8709601391823,9.366254437770884,-4.966018587329951,26.504156906581372,33.097555454956996,7.8552317565010075,-1.723201159363526,1.198722890228816,10.486748522941859,15.25517175542274,2.2865351732428014e-17,83
main,full_stock_day,1_low,pi15_bp,17672,215,84,16.659823490568815,24.13869475615016,-7.4788712655813425,-7.100432536852436,-13.977022109772008,-1.1070355428388017,78.48008148483476,13.093784959744376,21.188811826011914,0.3520609285691538,-8.17910629267651,-6.778636238486175,2.6090873895780034e-35,83
main,full_stock_day,1_low,pi60_bp,17672,215,84,25.282206071597727,27.7198801920792,-2.4376741204814696,-2.824627297712869,-11.268858540961514,5.540963495226339,59.732910819375284,20.468326725158835,24.826511555962696,0.42766194765167886,-3.2882765338720343,-1.5870717070909046,1.7800135330263584e-07,83
main,full_stock_day,1_low,pi300_bp,17672,215,84,40.670269983586664,30.32634593765851,10.343924045928162,8.013102579459657,-4.088618920629896,22.3998205019748,32.905160706201904,35.65800601241307,27.14147279772543,0.6343777373828232,9.082172240835206,11.605675851021118,1.316851008927155e-27,83
main,full_stock_day,1_low,quoted_spread_bp,17672,215,84,59.91926000056355,31.506818479524977,28.412441521038573,21.292615001795674,11.053375934672626,36.79982165753908,2.665233137166138,51.18355284714099,28.70979806845433,1.606717130572578,25.216745770211272,31.608137271865875,6.943433090723054e-30,83
main,full_stock_day,1_low,depth_krw,17672,215,84,2579453.435226952,17923350.746648647,-15343897.311421696,-363062.7434148674,-1296475.2135914522,191427.06463386238,66.67043911272069,1591218.921665736,1948866.6023787772,10425946.757664094,-36080686.08266322,5392891.459819827,0.14488267835456664,83
main,full_stock_day,2_mid,es_bp,17609,214,84,36.12109969580681,22.829518774381338,13.291580921425474,10.684632645713108,5.499479442504452,18.329631399957243,3.8957351354421035,33.414999628944955,22.11723149873449,0.6479557468450536,12.002823001617303,14.580338841233646,3.003763302324626e-34,83
main,full_stock_day,2_mid,es_bp_v2,17609,214,84,35.250504285618554,24.22448814667973,11.026016138938829,8.46212322792492,3.183840005244525,16.227771712013144,11.12499290135726,32.17776540782577,23.295630294220185,0.656123355917663,9.721013173185044,12.331019104692613,1.9158066685051115e-28,83
main,full_stock_day,2_mid,rs15_bp,17609,214,84,17.51347181634974,1.1807205852409295,16.332751231108812,14.18560814751003,6.892629467838091,23.661449416221487,7.7857913566926005,16.209163201415624,1.0430275688285122,0.740692271758256,14.859544093095069,17.805958369122553,1.8693867443479456e-36,83
main,full_stock_day,2_mid,rs60_bp,17609,214,84,5.645414057536156,-1.9894269013283674,7.634840958864524,6.185363022397385,-1.2324711947909535,15.611556231897566,28.672837753421547,4.787671676897986,-1.8188921849939679,0.6534005795450897,6.335253485806199,8.93442843192285,3.2402792889438187e-19,83
main,full_stock_day,2_mid,rs300_bp,17609,214,84,-6.2442493862274855,-3.995908267839946,-2.2483411183875393,-1.5741070208023158,-12.810895580001151,8.737044917967152,54.1484468169686,-5.296161162343122,-3.1186826028692565,0.5161188642289929,-3.2748807811286915,-1.221801455646387,3.759132793029399e-05,83
main,full_stock_day,2_mid,pi15_bp,17609,214,84,18.596494814658392,21.624245003564326,-3.0277501889059333,-3.1871109715287727,-7.800498461394827,1.3737028139693983,68.9476972002953,16.727872879862286,20.49188263436389,0.26377770737704903,-3.552393439785697,-2.5031069380261695,8.131958276807226e-19,83
main,full_stock_day,2_mid,pi60_bp,17609,214,84,30.451316555940235,24.753304306917062,5.698012249023173,4.276733485354367,-1.851818046964791,11.910894385126145,31.977965812936564,27.97947833635302,23.00794166503595,0.38594706040433896,4.930379068602109,6.465645429444237,6.200451850882152e-25,83
main,full_stock_day,2_mid,pi300_bp,17609,214,84,42.380083595457016,26.70356769390858,15.67651590154843,13.25639893866586,2.8637215843221853,26.35308992227202,18.984610142540745,40.02215864654001,24.468513957119544,0.6437835071431957,14.396056398700505,16.956975404396356,1.47593240793727e-39,83
main,full_stock_day,2_mid,quoted_spread_bp,17609,214,84,39.55098235153952,25.43111881574384,14.119863535795679,11.08775948252238,5.61498633229451,19.41070685756899,2.9303197228689877,36.5375798139044,24.343895534948878,0.8222749874472316,12.484391657519097,15.75533541407226,4.738867795197637e-29,83
main,full_stock_day,2_mid,depth_krw,17609,214,84,4905068.385145282,7369172.1396646,-2464103.754519318,-839874.357240438,-2610109.090965354,-947.6049955789931,75.05252995627237,3278209.0260588983,4245624.526943526,357715.94831681065,-3175586.3884486714,-1752621.1205899648,1.0067010989939327e-09,83
main,full_stock_day,3_high,es_bp,16608,215,84,23.28854462709612,17.345080695470376,5.943463931625749,4.492840229809411,2.2135196050937496,8.046758051228647,3.727119460500963,22.440996939755564,17.295092779755027,0.3252116434770067,5.296631052705319,6.59029681054618,7.8361130604416086e-31,83
main,full_stock_day,3_high,es_bp_v2,16608,215,84,22.23193553905455,18.151997082553553,4.079938456500995,2.6186555235162166,0.4178996911290369,6.194415020513294,20.158959537572255,20.926438119773245,17.83399070855524,0.3149655651044475,3.453484615368107,4.706392297633882,1.2468678580213264e-21,83
main,full_stock_day,3_high,rs15_bp,16608,215,84,2.50957551953226,-0.6131053259540856,3.1226808454863457,2.1024393947584894,-1.9924752707057716,7.4338260160983,36.57875722543353,1.9548436337516,-0.5957051388614965,0.39430405566934373,2.3384259376000727,3.906935753372619,9.40945513237162e-12,83
main,full_stock_day,3_high,rs60_bp,16608,215,84,-5.189653607961773,-2.1318914445016945,-3.0577621634600787,-2.843413704828335,-7.787351434405437,2.0135487619030576,65.2516859344894,-4.44676465275172,-2.219615918843462,0.3035722517468345,-3.6615551625617417,-2.4539691643584156,4.719294623485912e-16,83
main,full_stock_day,3_high,rs300_bp,16608,215,84,-7.92054553726896,-2.3942804425277124,-5.526265094741247,-4.486501502505963,-13.205705368806388,3.074764955960992,65.41425818882466,-6.610594329998014,-1.9105794552270046,0.3702278741494905,-6.262633445924336,-4.789896743558159,3.189714348440521e-25,83
main,full_stock_day,3_high,pi15_bp,16608,215,84,20.77484580612367,17.950653145564317,2.8241926605593535,2.3024984277345935,-1.3012420108314786,6.365612461943112,33.38752408477842,19.609563633893107,17.37050869927009,0.248583303132011,2.329770468606693,3.318614852512014,1.3742032970413382e-18,83
main,full_stock_day,3_high,pi60_bp,16608,215,84,28.469254254534672,19.45188322637342,9.017371028161257,7.774499311104256,2.9125791020011453,13.712040678168929,13.607899807321772,26.58045452138666,18.78401683002523,0.38302446962665593,8.255550763250916,9.779191293071598,1.7118838388863185e-38,83
main,full_stock_day,3_high,pi300_bp,16608,215,84,31.205454634756375,19.69306763322977,11.512387001526607,9.592804590405922,1.669865464167621,19.678373568215964,20.41787090558767,28.797748025940027,18.16610891091271,0.5260440117515934,10.466106619550697,12.558667383502517,3.193961996652377e-36,83
main,full_stock_day,3_high,quoted_spread_bp,16608,215,84,23.982708903483903,18.22519656178886,5.757512341695044,3.9604260506127185,1.81568195474674,7.792510943879546,2.089354527938343,22.49238349423991,17.77275598978048,0.3892369861309567,4.983335631323974,6.531689052066114,5.528127813996814e-25,83
main,full_stock_day,3_high,depth_krw,16608,215,84,71537729.85693508,115968248.62599693,-44430518.76906185,-6203083.752267538,-23498120.90219422,-1534782.9636340733,90.1252408477842,11991612.878787879,20005444.704902075,18230548.943534277,-80690347.38826632,-8170690.149857372,0.016940540320394246,83
main,full_stock_day,005930,es_bp,84,1,84,17.801236079721324,17.29239642776533,0.5088396519559952,0.5435770260034083,0.308373424135306,0.7198354288537434,4.761904761904762,18.014927381799694,17.417007125768706,,,,,0
main,full_stock_day,005930,es_bp_v2,84,1,84,17.32077304402016,16.64325081456919,0.677522229450975,0.6148840592410707,0.12795314929977142,1.0407928184228172,15.476190476190476,17.450614393408983,16.798816506500557,,,,,0
main,full_stock_day,005930,rs15_bp,84,1,84,2.2089404242408417,1.4384548646007003,0.770485559640141,0.844928924773871,-0.4807845340858082,2.1864628336412597,35.714285714285715,2.4316502112203597,1.62477329068493,,,,,0
main,full_stock_day,005930,rs60_bp,84,1,84,-0.7338062893460668,0.8424312942968499,-1.5762375836429168,-1.538694506428615,-2.7788734359744947,-0.028452102977098492,75.0,-0.7427103363638006,0.9916319471199739,,,,,0
main,full_stock_day,005930,rs300_bp,84,1,84,-1.1927237550215568,0.46529150478169645,-1.6580152598032536,-1.8783281143159138,-3.4175265604709346,1.0597106006449963,67.85714285714286,-0.8685073513434687,0.722987790392583,,,,,0
main,full_stock_day,005930,pi15_bp,84,1,84,15.592366350199645,15.853273222485173,-0.26090687228552867,-0.4603104531875939,-1.3902446653815579,0.7350641834091061,57.14285714285714,15.02374247236462,15.696705494795275,,,,,0
main,full_stock_day,005930,pi60_bp,84,1,84,18.53417972769102,16.44825330752216,2.08592642016885,1.9701097605750473,0.531643363354374,3.3410536937200113,15.476190476190476,18.313300928591605,15.90780558367545,,,,,0
main,full_stock_day,005930,pi300_bp,84,1,84,18.989900245010862,16.819841565538923,2.1700586794719388,2.3719538681112633,-0.38898773218154137,4.006452324280255,28.57142857142857,18.612904054863854,16.520483929219353,,,,,0
main,full_stock_day,005930,quoted_spread_bp,84,1,84,18.191471959903772,17.91290540604823,0.2785665538555402,0.23568479168042877,0.1711832279591916,0.36944272363643105,0.0,18.27181503983627,18.01228128443346,,,,,0
main,full_stock_day,005930,depth_krw,84,1,84,6085945601.276998,9622676106.718904,-3536730505.441906,-3176719868.244985,-4142104629.37039,-2497412494.5062065,100.0,5077484439.706851,8913733887.491743,,,,,0
main,full_stock_day,000660,es_bp,83,1,83,6.079946827206712,5.829104462890457,0.2508423643162541,0.23061953190179896,0.062331165363785246,0.44469036884192814,20.481927710843372,6.1157080079798245,5.920170704745859,,,,,0
main,full_stock_day,000660,es_bp_v2,83,1,83,6.21618187965932,6.190879782843366,0.025302096815956174,-0.023341242550246832,-0.22732670086416995,0.2853407867207496,51.80722891566265,6.170536962419957,6.184939300605977,,,,,0
main,full_stock_day,000660,rs15_bp,83,1,83,-5.045701125304137,-0.8383213011592112,-4.207379824144925,-4.047826415482952,-5.400536964188765,-2.858394934253515,100.0,-5.115671562682243,-0.7044424192375415,,,,,0
main,full_stock_day,000660,rs60_bp,83,1,83,-5.417787067438107,-0.908580603039561,-4.509206464398546,-4.385786423961916,-5.954145055570921,-3.1286201810619723,98.79518072289156,-5.4247070312505885,-0.9045248266654113,,,,,0
main,full_stock_day,000660,rs300_bp,83,1,83,-5.95848627655891,-1.272758120964861,-4.685728155594049,-4.9333208577294645,-7.858795787298398,-1.4934063805903173,84.33734939759037,-5.7660401890507,-0.9986904056838971,,,,,0
main,full_stock_day,000660,pi15_bp,83,1,83,11.125615005353453,6.667226745107163,4.45838826024629,4.238062131511126,3.052687677983711,5.6801643237087,0.0,10.837085802343736,6.577039315050251,,,,,0
main,full_stock_day,000660,pi60_bp,83,1,83,11.498386084637598,6.737051348347043,4.761334736290554,4.76794523651484,3.406013183794649,6.080272243867995,1.2048192771084338,11.47746655603403,6.851845230812133,,,,,0
main,full_stock_day,000660,pi300_bp,83,1,83,12.041252557737208,7.104197295044154,4.937055262693053,5.2600425956881045,1.7528711576077955,8.102513409407209,14.457831325301203,12.263419819088453,6.9389025481186195,,,,,0
main,full_stock_day,000660,quoted_spread_bp,83,1,83,5.939078293249471,5.542754791150399,0.3963235020990729,0.3692495238698461,0.214108717669502,0.5109856331468587,0.0,6.0625002463401385,5.553515152149904,,,,,0
main,full_stock_day,000660,depth_krw,83,1,83,1030029700.4574813,1745066276.834249,-715036576.3767674,-577861413.7886231,-836755905.3948038,-441922907.30203116,100.0,882751829.0733421,1625050888.1648235,,,,,0
resume5,common_minutes,ALL,es_bp,51886,644,84,37.31360036026479,23.70460343365557,13.608996926609226,8.773835792529136,3.7189932565279857,17.79255111542261,5.5544848321319815,32.7206993793658,21.712397127095347,0.638981922169492,12.33808758315509,14.879906270063362,2.176797051769688e-35,83
resume5,common_minutes,ALL,es_bp_v2,51886,644,84,36.5370976031782,25.368850898846453,11.168246704331752,6.497774914810472,1.5592758020019675,15.543637029330903,15.611147515707513,31.430111520539832,22.747202529656857,0.6304438513143102,9.914319240408858,12.422174168254646,6.179168232579395e-30,83
resume5,common_minutes,ALL,rs15_bp,51886,644,84,18.527992079451003,0.5029802245564853,18.025011854894515,12.580978355630052,3.0617428167820684,26.52295111289542,16.28377597039664,16.051419763309895,0.09643108123912209,0.8593818055686846,16.31573600780409,19.73428770198494,6.370363417046287e-35,83
resume5,common_minutes,ALL,rs60_bp,51886,644,84,8.998686169842095,-2.466847493116951,11.465533662959047,5.644794736576942,-3.107139855569279,20.239352767179263,34.21154068534865,4.981957997904178,-2.3735862419201696,0.8339106194741156,9.806918980564076,13.124148345354017,4.192939185490755e-23,83
resume5,common_minutes,ALL,rs300_bp,51886,644,84,-1.196524464818952,-3.926938010487055,2.730413545668103,0.1386508458276947,-10.861722425074444,12.776419821557058,49.628030682650426,-3.144803327781825,-3.097721944019685,0.6501640140748925,1.4372634711559036,4.023563620180303,6.686946009205973e-05,83
resume5,common_minutes,ALL,pi15_bp,51886,644,84,18.77051489512079,23.169145243868552,-4.398630348747763,-3.1022467146790076,-9.954767273420414,2.6711153972427404,63.98257718845161,16.772602878242896,21.342518296037895,0.3062897340357181,-5.007828310825354,-3.789432386670172,3.2516700738086538e-24,83
resume5,common_minutes,ALL,pi60_bp,51886,644,84,28.279380938807435,26.07752000775579,2.2018609310516397,2.964097086579355,-5.10702780204522,10.456846556800938,39.49813051690244,25.666163641539754,24.008284769523623,0.3583145543606603,1.4891876937768995,2.91453416832638,2.658404906096194e-08,83
resume5,common_minutes,ALL,pi300_bp,51886,644,84,38.503705442218525,27.480765125977754,11.022940316240772,9.457650713437793,-0.8402291399172812,21.69860916421724,26.791427359981494,34.56922233340523,24.886331974087287,0.4375437829523747,10.152683329882809,11.893197302598736,1.2241481774476924e-40,83
resume5,common_minutes,ALL,quoted_spread_bp,51886,644,84,39.93730028017684,26.191839177147976,13.745461103028864,8.571545629896908,3.4586293762890925,17.789687211553428,3.596345835100027,34.53159580363803,23.591465048386105,0.7548007199294595,12.244192829041912,15.246729377015816,9.934379478514413e-31,83
resume5,common_minutes,ALL,depth_krw,51886,644,84,25312489.74586411,44991062.074719235,-19678572.328855135,-1045504.9853101559,-4373999.90657023,-19063.680979233468,75.58879081062328,3467840.200313831,4525571.697191354,6744838.36769404,-33093784.565980874,-6263360.091729395,0.004537325128409239,83
resume5,common_minutes,KOSDAQ,es_bp,23002,285,84,39.728680279112,26.821981444687093,12.906698834424898,8.945561506491629,3.8911125089794636,17.461932423647053,6.621163377097644,36.45325167378165,24.352678395391425,0.6986568363014838,11.517098486876824,14.296299181972971,3.8156412805765333e-31,83
resume5,common_minutes,KOSDAQ,es_bp_v2,23002,285,84,39.22874408365786,28.907279776091997,10.321464307565869,6.542977870042693,1.534293380697072,15.054060850371876,16.65507347187201,35.4553940205747,25.845243334712706,0.6930235272485703,8.943068385153337,11.6998602299784,3.6524589566209e-25,83
resume5,common_minutes,KOSDAQ,rs15_bp,23002,285,84,19.090595896967653,1.061759243226679,18.028836653740974,13.461758504716137,4.189147850131623,26.73374154217248,13.977045474306582,16.784544379656346,0.4015153618236962,0.9939206495034801,16.051968457192977,20.00570485028897,1.2911325754280216e-30,83
resume5,common_minutes,KOSDAQ,rs60_bp,23002,285,84,7.7580675067766816,-2.667842276375972,10.425909783152655,5.80413362799473,-2.8926821144705506,19.09186022148895,32.94930875576037,4.248138872053909,-2.945245540080525,0.9626641721874525,8.511209462856195,12.340610103449114,1.5003887214594204e-17,83
resume5,common_minutes,KOSDAQ,rs300_bp,23002,285,84,-3.786287359438231,-4.633332414905306,0.8470450554670745,-0.4191579026601353,-12.731188152194495,12.455311235398026,50.98252325884706,-4.832085295071163,-4.0959991542813405,0.7030464655223768,-0.5512860880512369,2.2453761989853858,0.23169660082831858,83
resume5,common_minutes,KOSDAQ,pi15_bp,23002,285,84,20.62809865703343,25.723056329816263,-5.094957672782832,-3.8959326431457795,-10.821907312582411,1.8660798936892515,67.59412225023911,18.877390448943693,23.22114289554722,0.4225716177228815,-5.935435624677197,-4.254479720888467,6.228336350306066e-20,83
resume5,common_minutes,KOSDAQ,pi60_bp,23002,285,84,31.934460695293957,29.383602828774304,2.550857866519653,2.936311988274573,-5.103835319458756,10.981985801369984,39.93131032084167,29.212140436551657,26.906177955632806,0.4786944314053367,1.5987538954606202,3.502961837578686,8.331359565666419e-07,83
resume5,common_minutes,KOSDAQ,pi300_bp,23002,285,84,43.51320313373085,31.281271594627615,12.231931539103238,10.402190913446772,-1.0320302073096923,24.077270607865046,27.15416050778193,40.939587765092725,28.596630699908047,0.5595365639166147,11.119035817935682,13.344827260270794,3.452367618255642e-36,83
resume5,common_minutes,KOSDAQ,quoted_spread_bp,23002,285,84,42.78213621538696,30.14525118467196,12.63688503071501,8.328539873837737,3.3361535812753202,16.789763430874743,5.638640118250587,38.860987676986625,27.750130536678007,0.8469604982082448,10.952314664381694,14.321455397048327,3.273636158674536e-25,83
resume5,common_minutes,KOSDAQ,depth_krw,23002,285,84,6124974.970751636,11600291.251653906,-5475316.28090227,-483173.1642730916,-1752553.4865980027,167166.09906092327,68.00278236675071,2770349.255959226,3405989.0309036667,3731564.9473108468,-12897248.878214993,1946616.316410453,0.1460742608542152,83
resume5,common_minutes,KOSPI,es_bp,28884,359,84,35.390332520169125,21.222054998198328,14.168277521970806,8.649669274292473,3.611712125150464,18.07925719550945,4.705027004570004,30.35664131086913,20.004290807657263,0.8050792683461487,12.567007237377469,15.769547806564143,9.52784040581775e-30,83
resume5,common_minutes,KOSPI,es_bp_v2,28884,359,84,34.39358381201379,22.550995302862454,11.842588509151339,6.451896818663796,1.5762727239552152,15.910403921914709,14.779808890735355,29.020883524020363,20.773593274722572,0.7899190179583354,10.271471352836748,13.41370566546593,2.444164517387097e-25,83
resume5,common_minutes,KOSPI,rs15_bp,28884,359,84,18.07995811564689,0.057992169319960186,18.021965946326922,11.81253852934789,2.2209790642773717,26.343153954855104,18.120758897659602,15.084224550744501,-0.263336646355697,1.099799400684213,15.834509172105275,20.20942272054857,9.611803972468558e-28,83
resume5,common_minutes,KOSPI,rs60_bp,28884,359,84,9.986662575043267,-2.306783720629623,12.293446295672892,5.505291329342532,-3.2430451578681496,21.200075621225544,35.21672898490514,5.3435763710296085,-1.8390200464193587,1.1024904003766864,10.100637231294451,14.486255360051333,3.535938748079599e-18,83
resume5,common_minutes,KOSPI,rs300_bp,28884,359,84,0.8658535334511165,-3.364395284741708,4.230248818192825,0.5541579069836455,-9.638892825837887,13.01084801879609,48.54936989336657,-1.8281336760066043,-2.294968377146605,0.890318213382195,2.459441700218231,6.001055936167419,8.370767572741649e-06,83
resume5,common_minutes,KOSPI,pi15_bp,28884,359,84,17.291213493254197,21.135318114697757,-3.8441046214435586,-2.3967321001391033,-9.297686676023812,3.1928421246792293,61.10649494529844,15.214864574537629,19.30161106700773,0.4096028651712423,-4.658788246113669,-3.029420996773448,1.1086978093243251e-14,83
resume5,common_minutes,KOSPI,pi60_bp,28884,359,84,25.36862949999345,23.44469501644338,1.9239344835500731,2.981330940822497,-5.11009274249838,10.097637526603732,39.15316438166459,22.603460374840054,21.465479741161374,0.4850030901248216,0.9592828440311334,2.888586123069013,0.00015387587327829285,83
resume5,common_minutes,KOSPI,pi300_bp,28884,359,84,34.51435265520265,24.45420198403467,10.06015067116798,8.770155859885234,-0.6536069956000978,19.863426414313977,26.502561972026033,30.458724689114582,22.101292268302963,0.4975018530542756,9.070639494880412,11.049661847455548,8.1088534493061e-34,83
resume5,common_minutes,KOSPI,quoted_spread_bp,28884,359,84,37.67179286493992,23.04350850975196,14.62828435518796,8.802241869095058,3.54987146883414,18.637430374240157,1.9699487605594794,31.261239604140595,21.134317103198264,0.9413486410020772,12.75597976911228,16.50058894126364,2.6965310626988605e-26,83
resume5,common_minutes,KOSPI,depth_krw,28884,359,84,40592617.6664131,71582064.37606768,-30989446.709654596,-1956983.144862657,-9386480.185946088,-303344.8680336894,81.62996814845589,4481769.569377593,6314824.954555409,11670302.329722963,-54201208.66595806,-7777684.753351126,0.009494959640684421,83
resume5,common_minutes,1_low,es_bp,17672,215,84,51.65660474635358,29.970242291128976,21.6863624552246,15.901939422560877,7.108529052371172,29.373072341898283,8.32390221819828,45.30234461393467,26.835704780792838,1.156361442657226,19.38640605443405,23.98631885601515,1.3877403597073773e-31,83
resume5,common_minutes,1_low,es_bp_v2,17672,215,84,51.242869332111155,32.548679450393486,18.694189881717666,13.320872749751796,4.279795219145627,26.76244898513782,14.605024898143956,44.30741701040735,28.75324771698933,1.1512131095534546,16.40447330840546,20.98390645502987,1.70938418042106e-27,83
resume5,common_minutes,1_low,rs15_bp,17672,215,84,34.5217220453807,1.9317767251146154,32.58994532026608,26.415001704473717,13.905423462572552,44.358017846067966,6.4339067451335445,29.351192834907035,2.3126191884237253,1.4025175152584466,29.800394391425826,35.37949624910634,4.3994421571434937e-38,83
resume5,common_minutes,1_low,rs60_bp,17672,215,84,25.665513446832474,-2.0420409273636873,27.70755437419616,21.716083336748905,8.348838812005216,40.35166312305231,12.52263467632413,21.54708980887117,-1.6088164244467644,1.4309632049857968,24.861426112568864,30.553682635823456,1.5934465109850582e-32,83
resume5,common_minutes,1_low,rs300_bp,17672,215,84,10.272930250604952,-4.175402074464821,14.448332325069773,10.315023038828201,-4.904403905478276,28.729957331514008,32.19782707107288,7.720149213436616,-3.3100989860015293,1.2455806358157528,11.970922537467233,16.92574211267231,4.733292077328835e-19,83
resume5,common_minutes,1_low,pi15_bp,17672,215,84,17.10611863620681,27.979901336202953,-10.873782699996143,-9.520364624872126,-17.905909493324486,-2.6839419728798353,82.10162969669533,13.485686351667425,24.48905914071947,0.42868648666447723,-11.726422880276385,-10.021142519715902,7.408036774299647e-41,83
resume5,common_minutes,1_low,pi60_bp,17672,215,84,25.921661926678524,31.839662526412845,-5.918000599734328,-5.184502454432874,-15.221505119813681,3.7946488428766827,65.55568130375735,20.776153919891378,28.16705688686613,0.48779608585319173,-6.888207395423197,-4.947793804045459,4.4734783135828504e-20,83
resume5,common_minutes,1_low,pi300_bp,17672,215,84,41.35699269770415,33.883342402108816,7.473650295595324,6.167709224821918,-7.224808438773284,20.857360721466232,37.66410140334993,35.574253964916046,30.39995554530963,0.5990527713721286,6.282158427133694,8.665142164056956,9.913575784852355e-21,83
resume5,common_minutes,1_low,quoted_spread_bp,17672,215,84,56.85491387690778,33.799277603952525,23.055636272955255,16.750730534629103,8.08538651469991,30.225078122280323,4.894748755092802,49.212477578849885,30.52641182115765,1.361180011630237,20.348303976244352,25.762968569666157,1.151556979162968e-28,83
resume5,common_minutes,1_low,depth_krw,17672,215,84,2673686.552410813,16528184.501856972,-13854497.949446158,-301922.8392184683,-1195560.219500042,247972.52396685042,64.12969669533726,1659080.025089562,2102284.443658676,9646356.74074854,-33040713.532016568,5331717.633124253,0.15469213567466117,83
resume5,common_minutes,2_mid,es_bp,17608,214,84,36.18026467419495,23.390493187611654,12.7897714865833,10.20764594446109,5.1855358173473505,17.598700926351032,4.435483870967742,33.670555623531456,22.636141054654516,0.6244029740711671,11.547859084533993,14.031683888632607,3.32408796336086e-34,83
resume5,common_minutes,2_mid,es_bp_v2,17608,214,84,35.307692728235324,24.93787903745122,10.369813690784106,7.892760845108022,2.823036036241681,15.394443708398821,12.34098137210359,32.07679115767885,23.796271966815276,0.6281349843191036,9.120478470452452,11.61914891111576,5.983662285568382e-28,83
resume5,common_minutes,2_mid,rs15_bp,17608,214,84,17.555193691476312,0.2951653691910088,17.260028322285297,14.869297944182039,7.2235729478551916,24.88272816934215,7.388686960472512,16.12007965441307,0.3127384965017559,0.7771698442343857,15.714268759738108,18.805787884832487,1.1245128022897725e-36,83
resume5,common_minutes,2_mid,rs60_bp,17608,214,84,5.634673332579923,-3.013674004767576,8.648347337347499,6.825798672120769,-0.7919964543976921,16.833477551432136,27.356883234893232,4.924963975023122,-2.628524662911169,0.6929611857657966,7.27007540963684,10.026619265058157,9.720838066530513e-21,83
resume5,common_minutes,2_mid,rs300_bp,17608,214,84,-6.272493353048405,-4.9028155091125045,-1.3696778439358999,-1.001925613858742,-12.278558673001097,9.723979889802983,52.48182644252613,-5.408382067499646,-3.9230816226044274,0.5263831137828037,-2.4166326862132625,-0.3227230016585372,0.010971954224898654,83
resume5,common_minutes,2_mid,pi15_bp,17608,214,84,18.6135354901122,23.066373138929904,-4.452837648817702,-4.210551204354278,-9.342051193310702,0.45279120031417897,73.15424806905952,16.762565396742474,21.799681863459305,0.2834105556399723,-5.016529845262703,-3.8891454523727025,1.3604198062309372e-26,83
resume5,common_minutes,2_mid,pi60_bp,17608,214,84,30.519807882068953,26.32680600210205,4.193001879966906,3.1532754452927687,-3.1700484055158773,10.634482398859527,37.0910949568378,28.35652099219108,24.842953498701192,0.3788209077156652,3.439542330631001,4.946461429302811,5.116030978415388e-18,83
resume5,common_minutes,2_mid,pi300_bp,17608,214,84,42.467576421649056,28.161481707690076,14.306094713958979,12.109675336101677,1.6612196585596082,24.873468435949817,21.507269422989552,40.376775955732725,26.19802756108104,0.5987370236917879,13.115230854934229,15.49695857298373,5.854490336177049e-39,83
resume5,common_minutes,2_mid,quoted_spread_bp,17608,214,84,38.25368861588807,26.013551990674614,12.240136625213461,9.668351697949772,4.750448280139168,16.77368672873279,3.646069968196274,35.62280914909336,25.056637646138686,0.7215640912203054,10.804974668957632,13.67529858146929,1.0454383864522475e-28,83
resume5,common_minutes,2_mid,depth_krw,17608,214,84,4938369.305001818,7266982.487506262,-2328613.1825044444,-793492.9643158792,-2480305.00331044,41461.39943281864,73.52907769195821,3342329.423452424,4293044.534245869,345065.7431444195,-3014935.067134948,-1642291.2978739408,1.8803026128223358e-09,83
resume5,common_minutes,3_high,es_bp,16606,215,84,23.251586705522946,17.36981379876886,5.8817729067540885,4.469172936429448,2.2099287247444597,7.959076454840007,3.793809466457907,22.36073338555181,17.308396173971044,0.3193596455306714,5.246579416382587,6.51696639712559,4.678399015118951e-31,83
resume5,common_minutes,3_high,es_bp_v2,16606,215,84,22.190895209121322,18.185099385689057,4.00579582343227,2.5773647987552426,0.4058594948809029,6.099009522644236,20.149343610743106,20.894976123464176,17.963196343213838,0.3077927379068472,3.3936084471055556,4.617983199758984,9.587728867764265e-22,83
resume5,common_minutes,3_high,rs15_bp,16606,215,84,2.5390626598164587,-0.7971816316754768,3.3362442914919357,2.2099773655138266,-1.9225542099776214,7.637510532058094,36.19775984583885,1.9548436337516,-0.7670636655052829,0.4103225682146343,2.5201292064148486,4.152359376569023,3.570805652320791e-12,83
resume5,common_minutes,3_high,rs60_bp,16606,215,84,-5.1710496846961185,-2.3391021247469324,-2.831947559949187,-2.72065395168626,-7.650029832086824,2.2330350290428864,64.56100204745273,-4.4960497257589225,-2.4155939263104353,0.31589839115733925,-3.4602567545831757,-2.2036383653151983,7.681975815778107e-14,83
resume5,common_minutes,3_high,rs300_bp,16606,215,84,-8.019994508599936,-2.6277625356940884,-5.392231972905846,-4.320257744559916,-13.04309002257187,3.125045816103666,65.15115018667952,-6.636174876159781,-2.1970900119208276,0.3720023103520708,-6.132129606328354,-4.652334339483339,1.86803108036259e-24,83
resume5,common_minutes,3_high,pi15_bp,16606,215,84,20.70820633501716,18.1585424232029,2.5496639118142554,2.095879558237174,-1.5894256233285615,6.168156169280897,34.97531012886908,19.609563633893107,17.73433923367401,0.25344722783688056,2.045567569249809,3.0537602543787017,5.000760936662719e-16,83
resume5,common_minutes,3_high,pi60_bp,16606,215,84,28.41283708510354,19.681156622343508,8.731680462760034,7.521867714302109,2.7298479094133086,13.444014620134936,14.32012525593159,26.52030369021355,18.99857997119873,0.3747367970948232,7.98634404518677,9.477016880333299,3.6071019477168437e-38,83
resume5,common_minutes,3_high,pi300_bp,16606,215,84,31.264205708101052,19.9453921767679,11.318813531333152,9.402266733828705,1.5953702296566457,19.403906351764444,20.823798627002287,28.96548816431267,18.51491516011029,0.5155636254488752,10.293378216194048,12.344248846472256,2.5514953769992012e-36,83
resume5,common_minutes,3_high,quoted_spread_bp,16606,215,84,23.71888324436855,18.285096367376394,5.433786876992156,3.8294970403528588,1.789682194221899,7.3637503584573345,2.1618692039022043,22.294842713592207,17.851879939122597,0.36071052068561715,4.716348159062422,6.15122559492189,1.8254170785143543e-25,83
resume5,common_minutes,3_high,depth_krw,16606,215,84,71008048.14387746,115281412.90208694,-44273364.75820948,-6175507.848987554,-23218761.352852106,-1529845.7270811223,89.96748163314464,12107986.501721537,19886096.79108536,18199849.370903347,-80472133.16218248,-8074596.354236491,0.017139000960211277,83
resume5,common_minutes,005930,es_bp,84,1,84,17.793312672233583,17.282085480695862,0.5112271915377176,0.5435770260034083,0.3102164081156049,0.7198354288537434,3.571428571428571,18.014927381799694,17.417007125768706,,,,,0
resume5,common_minutes,005930,es_bp_v2,84,1,84,17.3098628387983,16.62593474403308,0.683928094765218,0.6148840592410707,0.12795314929977142,1.0407928184228172,15.476190476190476,17.450614393408983,16.798816506500557,,,,,0
resume5,common_minutes,005930,rs15_bp,84,1,84,2.2457695670509246,1.443041975623896,0.8027275914270285,0.844928924773871,-0.3009699557324345,2.188527031256687,35.714285714285715,2.4316502112203597,1.6527243126785764,,,,,0
resume5,common_minutes,005930,rs60_bp,84,1,84,-0.6516941919834656,0.8613120955121593,-1.513006287495625,-1.5083369873328238,-2.7252188061235665,-0.028452102977098492,75.0,-0.5562858901168497,0.9916319471199739,,,,,0
resume5,common_minutes,005930,rs300_bp,84,1,84,-1.2370116001762674,0.5026562282719795,-1.7396678284482472,-1.8310459698253867,-3.3523430736561357,0.9329794849708364,69.04761904761905,-0.8685073513434687,0.9475346589293105,,,,,0
resume5,common_minutes,005930,pi15_bp,84,1,84,15.547594788826395,15.83836070883295,-0.2907659200065565,-0.4603104531875939,-1.3811228136644527,0.7350641834091061,57.14285714285714,15.02374247236462,15.696705494795275,,,,,0
resume5,common_minutes,005930,pi60_bp,84,1,84,18.444045485677833,16.418964871886534,2.0250806137912996,1.8756965279872961,0.531643363354374,3.2898397497841265,15.476190476190476,18.313300928591605,15.85888481823683,,,,,0
resume5,common_minutes,005930,pi300_bp,84,1,84,19.025805828694676,16.77172136671889,2.254084461975783,2.361358878098077,-0.28945397351873403,3.9778416077088306,27.380952380952383,18.997228213564476,16.529402714772637,,,,,0
resume5,common_minutes,005930,quoted_spread_bp,84,1,84,18.189934754086714,17.911942371442453,0.27799238264425846,0.23568479168042877,0.1711832279591916,0.36944272363643105,0.0,18.27181503983627,18.01228128443346,,,,,0
resume5,common_minutes,005930,depth_krw,84,1,84,6088343831.56975,9624784394.387638,-3536440562.8178887,-3176719868.244985,-4142104629.37039,-2494666313.590068,100.0,5077484439.706851,8913733887.491743,,,,,0
resume5,common_minutes,000660,es_bp,83,1,83,6.071942367179,5.820616138735736,0.25132622844326435,0.23061953190179896,0.06333983328009873,0.44909123949729457,20.481927710843372,6.1157080079798245,5.920170704745859,,,,,0
resume5,common_minutes,000660,es_bp_v2,83,1,83,6.207418592152645,6.179241118538527,0.028177473614118643,-0.023341242550246832,-0.22732670086416995,0.2853407867207496,51.80722891566265,6.1635777827347855,6.184939300605977,,,,,0
resume5,common_minutes,000660,rs15_bp,83,1,83,-5.021449491296181,-0.808681135663386,-4.212768355632795,-4.047826415482952,-5.400536964188765,-2.858394934253515,100.0,-5.115671562682243,-0.7044424192375415,,,,,0
resume5,common_minutes,000660,rs60_bp,83,1,83,-5.408753807423255,-0.8661970139799802,-4.542556793443275,-4.661612991172783,-5.968118904451136,-3.1286201810619723,98.79518072289156,-5.393678106220714,-0.8944958427985892,,,,,0
resume5,common_minutes,000660,rs300_bp,83,1,83,-6.071448714073083,-1.3509185262481678,-4.720530187824916,-4.9333208577294645,-7.826936433605596,-1.4934063805903173,83.13253012048193,-5.7660401890507,-0.897757482170579,,,,,0
resume5,common_minutes,000660,pi15_bp,83,1,83,11.093336517735214,6.6290944809113626,4.46424203682385,4.355425010448864,3.052687677983711,5.654510454524041,0.0,10.763334943128445,6.54273040134599,,,,,0
resume5,common_minutes,000660,pi60_bp,83,1,83,11.481370124628253,6.686128550193168,4.795241574435083,4.793405198081172,3.406013183794649,6.175823142677627,1.2048192771084338,11.466526119923275,6.733646943038293,,,,,0
resume5,common_minutes,000660,pi300_bp,83,1,83,12.146022039762178,7.173523808922017,4.972498230840161,5.3255972514380066,1.7528711576077955,8.045164196013474,15.66265060240964,12.263419819088453,6.9389025481186195,,,,,0
resume5,common_minutes,000660,quoted_spread_bp,83,1,83,5.937892559563301,5.541479087982937,0.39641347158036416,0.3692495238698461,0.214108717669502,0.5109856331468587,0.0,6.0625002463401385,5.536685650578321,,,,,0
resume5,common_minutes,000660,depth_krw,83,1,83,1030007804.1047819,1708852141.624779,-678844337.5199969,-571948373.8614259,-836755905.3948038,-441080248.28510755,100.0,882751829.0733421,1625050888.1648235,,,,,0
resume5,full_stock_day,ALL,es_bp,51886,644,84,37.0271866438107,22.79104795200727,14.236138691803433,9.242813643744126,3.9376389525131428,18.63316887041778,4.729599506610646,32.545700328455965,21.10730467550187,0.6633764386864947,12.91670963614016,15.555567747466705,1.276140525895434e-35,83
resume5,full_stock_day,ALL,es_bp_v2,51886,644,84,36.25535685471149,24.190177728682695,12.065179126028795,7.075905175779419,1.84693845962021,16.597587620845147,14.059669274948927,31.19657956401673,22.14142408766987,0.6626944201150637,10.747106577873431,13.383251674184159,1.0097974565603708e-30,83
resume5,full_stock_day,ALL,rs15_bp,51886,644,84,18.474046443706193,1.527494081631075,16.946552362075114,12.104047837065162,3.012390172038036,25.005806415985912,16.148864819026326,16.13902836356735,0.8541830671462893,0.8105459918111029,15.334408984380643,18.558695739769583,7.963209079794378e-35,83
resume5,full_stock_day,ALL,rs60_bp,51886,644,84,9.045076002314271,-1.2828609802240347,10.327936982538306,5.23960822720913,-3.236356279374602,18.715728612344236,34.74154878001773,5.008259600967873,-1.484496336095685,0.7824761068005753,8.771623477163917,11.884250487912695,4.3426705570753e-22,83
resume5,full_stock_day,ALL,rs300_bp,51886,644,84,-1.0997444946203683,-2.964407419997835,1.8646629253774667,-0.21736363420813665,-11.02824321571746,11.785070673972587,50.55699032494314,-3.1426946027114457,-2.3104088422520914,0.6261953595447203,0.619185540710693,3.1101403100442404,0.0038051884336948194,83
resume5,full_stock_day,ALL,pi15_bp,51886,644,84,18.538236806443624,21.237336433718603,-2.6990996272749737,-2.179848739522293,-8.077214034579079,3.2199834941209193,60.964422002081484,16.704588589186525,19.85262279913211,0.2513250128306725,-3.198974969547188,-2.1992242850027592,2.2633242513205152e-17,83
resume5,full_stock_day,ALL,pi60_bp,51886,644,84,27.94703339176483,23.997102609441463,3.949930782323367,3.816140559388728,-3.39872169610544,11.243958396385981,35.672435724472884,25.336932836331904,22.141112062904675,0.3210072687653971,3.3114602356051135,4.588401329041621,2.0946926997769544e-20,83
resume5,full_stock_day,ALL,pi300_bp,51886,644,84,38.11602116375755,25.621658442631887,12.494362721125663,10.308460463024407,0.37359596534673223,22.65946875058001,24.17029641907258,34.26707207253412,23.142566075507588,0.4562534202767816,11.586893018627789,13.401832423623537,2.511826427567568e-43,83
resume5,full_stock_day,ALL,quoted_spread_bp,51886,644,84,41.46346295796891,25.16901485678931,16.2944481011796,10.138728484130167,3.9872186633993043,21.314781679355246,2.571021084685657,35.69294747978722,22.86760677539585,0.8883915347454027,14.527473069522909,18.061423132836293,6.164592575621735e-31,83
resume5,full_stock_day,ALL,depth_krw,51886,644,84,25445880.75212978,45736416.2329026,-20290535.480772823,-1113090.204857977,-4521012.076983506,-62930.467655126646,77.00535790001156,3371090.7903621,4563706.227945278,6886219.630327666,-33986949.362947226,-6594121.598598421,0.004170121524120843,83
resume5,full_stock_day,KOSDAQ,es_bp,23002,285,84,39.40144394520091,25.934805533729453,13.466638411471452,9.350511102481022,4.095611916147169,18.18737881976683,5.8299278323624035,36.081193046946325,23.922008592215967,0.7276462308399388,12.019379324134762,14.913897498808142,3.379197781012235e-31,83
resume5,full_stock_day,KOSDAQ,es_bp_v2,23002,285,84,38.89360623870074,27.76899487286658,11.12461136583416,7.087738554834786,1.8384572992958237,16.05015294258872,15.137814103121466,35.4553940205747,25.249907467193125,0.730110557793059,9.67245083130251,12.576771900365808,9.082431627797004e-26,83
resume5,full_stock_day,KOSDAQ,rs15_bp,23002,285,84,19.040470683121146,1.9035866764212073,17.13688400669994,13.001672010232152,4.152796094652382,25.354853045333357,13.785757760194766,16.866129999091086,1.3201638351446152,0.9416856702318205,15.263909083041558,19.009858930358323,1.04036542961279e-30,83
resume5,full_stock_day,KOSDAQ,rs60_bp,23002,285,84,7.845629176034648,-1.6664072221580088,9.512036398192658,5.487123011798895,-3.02323472133182,17.843510796977824,33.331884183984,4.64093359497038,-2.0494326808436005,0.9086578093102812,7.704752561532436,11.31932023485288,7.758240187813363e-17,83
resume5,full_stock_day,KOSDAQ,rs300_bp,23002,285,84,-3.6522858979687953,-3.852912805574826,0.20062690760603125,-0.6347393089672719,-12.82928553071791,11.592074227386622,51.573776193374485,-4.644332009550368,-3.2054452653881,0.6843873752152826,-1.1605920557568137,1.561845870968876,0.7701405830210819,83
resume5,full_stock_day,KOSDAQ,pi15_bp,23002,285,84,20.350963143428853,23.9993953726034,-3.6484322291745483,-3.124079611102956,-9.22922261826404,2.3800176303928526,65.17259368750543,18.691159760968922,22.18722878783222,0.3620404076460535,-4.368516038780769,-2.9283484195683274,4.61644472344417e-16,83
resume5,full_stock_day,KOSDAQ,pi60_bp,23002,285,84,31.51947772299041,27.510912674902496,4.008565048087907,3.6984858932577644,-3.8062592906568504,11.685283067790436,36.72289366142075,28.97268280092457,25.231270618113314,0.4370192944416633,3.1393512482829116,4.877778847892902,2.9490182825705153e-14,83
resume5,full_stock_day,KOSDAQ,pi300_bp,23002,285,84,43.04746770388844,29.62884186342104,13.418625840467405,11.155962519909533,-0.004052107969734209,24.904357343964886,25.015216068167984,40.412450366384235,26.988759896233,0.5884519494212737,12.248218580502822,14.589033100431987,1.7035025272274334e-37,83
resume5,full_stock_day,KOSDAQ,quoted_spread_bp,23002,285,84,44.29574572278756,29.260516106000843,15.035229616786719,9.878069716093277,3.9819866671923245,20.089333641741444,4.217024606555952,39.691577085488944,27.12581161555156,0.9999681900160658,13.04633310539021,17.024126128183227,2.048225121328339e-25,83
resume5,full_stock_day,KOSDAQ,depth_krw,23002,285,84,6216004.562921172,12705742.034429474,-6489737.471508304,-526804.0125280762,-1816876.9747398407,126763.22653624858,69.81132075471697,2709310.260759772,3385964.3535645856,4688768.583481603,-15815509.602602081,2836034.659585474,0.17003747659289464,83
resume5,full_stock_day,KOSPI,es_bp,28884,359,84,35.13642821538744,20.287491938478205,14.848936276909239,9.132981306675203,3.8266852974808687,19.02705622026325,3.8533444121312836,29.797687182884346,19.261947938557157,0.836577538029083,13.185017200771435,16.51285535304704,5.431310324129324e-30,83
resume5,full_stock_day,KOSPI,es_bp_v2,28884,359,84,34.15436626024671,21.340158619469374,12.814207640777346,7.073050425633102,1.8528387869129652,17.069412111444617,13.201080182800165,28.86780133930108,20.07589998249437,0.8329844708833088,11.157435030679956,14.470980250874735,5.037841768785797e-26,83
resume5,full_stock_day,KOSPI,rs15_bp,28884,359,84,18.022970056951486,1.2279897932581827,16.794980263693308,11.27709351321158,2.17912805278521,24.67349731638579,18.03074366431242,15.163610734650412,0.672802809856025,1.0282387278519902,14.749854789577224,18.84010573780939,1.1803794597167077e-27,83
resume5,full_stock_day,KOSPI,rs60_bp,28884,359,84,10.000264892290861,-0.9774209214729868,10.977685813763848,5.014063256582579,-3.401499836832044,19.374516783943996,35.864146240132946,5.3435763710296085,-0.9991847068508137,1.027185775034045,8.934654620453081,13.020717007074616,2.8693577517811783e-17,83
resume5,full_stock_day,KOSPI,rs300_bp,28884,359,84,0.932991877067089,-2.2568391857144277,3.1898310627815167,0.08289296034852178,-9.848009582512285,11.901871796579652,49.74726492175599,-1.7992177549443131,-1.4993690524617582,0.8448086673930988,1.509540601393267,4.870121524169766,0.00029868526596475204,83
resume5,full_stock_day,KOSPI,pi15_bp,28884,359,84,17.09465796683228,19.037749128905272,-1.9430911620729925,-1.4508701607424772,-7.1312816453735675,3.7758324559632364,57.61321146655588,15.12039451438055,17.916545729009187,0.32869421599537757,-2.596850737664006,-1.289331586481979,7.255387604313958e-08,83
resume5,full_stock_day,KOSPI,pi60_bp,28884,359,84,25.10208932214668,21.198852397360906,3.9032369247857703,3.897723122007071,-3.0911789749981207,10.908305894419993,34.83589530535937,22.345896277025105,19.7242218521594,0.4215166751066569,3.0648572113254686,4.741616638246072,1.9710651818208003e-14,83
resume5,full_stock_day,KOSPI,pi300_bp,28884,359,84,34.18882502346913,22.430506488436077,11.758318535033057,9.746476707307085,0.612309827949721,20.97805591513049,23.497438027973967,30.098336738772723,20.662469850778198,0.5104638473481958,10.743026473424022,12.773610596642092,8.25275392057681e-38,83
resume5,full_stock_day,KOSPI,quoted_spread_bp,28884,359,84,39.207952358455046,21.91071573844132,17.29723662001373,10.354461420838344,3.991165019300186,22.294432170028276,1.2602132668605457,32.940741293627354,20.254383250782865,1.114572558716706,15.080396628639283,19.514076611388177,2.927003569748842e-26,83
resume5,full_stock_day,KOSPI,depth_krw,28884,359,84,40759743.51712688,72040652.76223645,-31280909.24510956,-2082586.3109911045,-9626963.793957518,-354681.47702417575,82.73438581913862,4353042.837066315,6516658.879142391,11699589.225878127,-54550921.65995182,-8010896.830267303,0.009032401068309574,83
resume5,full_stock_day,1_low,es_bp,17672,215,84,50.932605916509345,27.956962969557935,22.97564294695141,16.957283018628516,8.080658790314397,30.436166268071332,6.518786781349027,45.15283010661419,25.58061390562819,1.191410129969493,20.605976116748828,25.345309777153993,2.1008268557236255e-32,83
resume5,full_stock_day,1_low,es_bp_v2,17672,215,84,50.531611163337324,29.934324343552582,20.597286819784745,14.744217092677694,5.6640382727990986,28.532518512352592,11.373924852874604,43.72968599463937,27.426192447608635,1.1974499111166166,18.21560710779947,22.97896653177002,4.242478497816045e-29,83
resume5,full_stock_day,1_low,rs15_bp,17672,215,84,34.35306981174181,3.8680804438363796,30.48498936790544,24.67472694495942,13.2562191869052,41.122536551583124,5.65301041195111,29.339517378439474,3.818099507132766,1.311439377934246,27.87658919105629,33.09338954475459,4.282390276982496e-38,83
resume5,full_stock_day,1_low,rs60_bp,17672,215,84,25.71197800032781,0.19804847426801125,25.513929526059798,19.976630574433536,7.91378057598497,37.03660555463757,12.166138524219104,21.512803955348332,0.24201188715930347,1.3331339435084952,22.862379730835094,28.1654793212845,3.521943078791431e-32,83
resume5,full_stock_day,1_low,rs300_bp,17672,215,84,10.437284305083196,-2.4557148831860083,12.892999188269206,9.366878081800516,-4.8435218388587264,26.484867281392553,32.98438207333635,7.914049982744521,-1.723201159363526,1.1932636860185217,10.519645709634803,15.26635266690361,1.683524991152684e-17,83
resume5,full_stock_day,1_low,pi15_bp,17672,215,84,16.551318257121988,24.04409261260146,-7.492774355479472,-7.113544538543077,-13.950026944232858,-1.1247155102571353,78.53666817564509,13.089755181800193,21.1759325435767,0.34960207729984266,-8.188118826294547,-6.797429884664397,1.398312329999415e-35,83
resume5,full_stock_day,1_low,pi60_bp,17672,215,84,25.15283399075103,27.624588636941503,-2.4717546461904734,-2.867329319536605,-11.300082388366398,5.517878090057528,59.80647351742871,20.435192995610663,24.817127691245684,0.425459930462273,-3.317977335956056,-1.625531956424891,1.1197989330059846e-07,83
resume5,full_stock_day,1_low,pi300_bp,17672,215,84,40.457404770946134,30.190377226133428,10.267027544812708,7.9536906108581835,-4.147414533756633,22.307849428720715,32.910819375282934,34.71580101331161,27.05006247867143,0.6348243175588999,9.004387509710911,11.529667579914504,2.209193074777691e-27,83
resume5,full_stock_day,1_low,quoted_spread_bp,17672,215,84,59.854313613924184,31.470821661064463,28.383491952859718,21.29671272113046,11.037577191510396,36.75314096620364,2.6595744680851063,51.122135066487644,28.70979806845433,1.6011270157135358,25.198914715653608,31.568069190065827,5.903080941558117e-30,83
resume5,full_stock_day,1_low,depth_krw,17672,215,84,2576335.1519268313,17920052.544278555,-15343717.392351722,-363081.22365758533,-1298598.014709261,191614.67866600986,66.62516976007244,1591218.921665736,1948866.6023787772,10425667.91900234,-36079951.56470986,5392516.780006414,0.14487671882539455,83
resume5,full_stock_day,2_mid,es_bp,17608,214,84,36.065791129284726,22.780522977173163,13.285268152111565,10.6543144273853,5.500903079069128,18.327643276248374,3.8902771467514765,33.52233150732994,22.099960506267458,0.6454867660261492,12.001420935850218,14.56911536837291,2.380890198018365e-34,83
resume5,full_stock_day,2_mid,es_bp_v2,17608,214,84,35.194004959427275,24.165919419544785,11.028085539882495,8.493298840177118,3.1803494464744233,16.2213066902094,11.114266242616992,32.00233910761215,23.26984186477592,0.6534356498902564,9.728428313318156,12.327742766446834,1.4529313999315818e-28,83
resume5,full_stock_day,2_mid,rs15_bp,17608,214,84,17.562501020222538,1.1925750342904893,16.36992598593205,14.188466074477272,6.951885235688053,23.66066024349484,7.576101771921853,16.209163201415624,1.0662446646900992,0.7388266352086337,14.90042952397993,17.839422447884168,1.3293754864864085e-36,83
resume5,full_stock_day,2_mid,rs60_bp,17608,214,84,5.718864696173191,-1.967985394225423,7.686850090398614,6.195848057549123,-1.1822890411393792,15.585170525700518,28.56088141753748,4.896683446167026,-1.7781902638067852,0.6532780082423499,6.387506406731641,8.986193774065587,2.252519862691015e-19,83
resume5,full_stock_day,2_mid,rs300_bp,17608,214,84,-6.158116514960224,-3.964502333866482,-2.193614181093743,-1.5306760615352688,-12.709734639633394,8.732578316602792,54.015220354384375,-5.138587539729212,-3.0074441739665225,0.5193758945759259,-3.226631946197755,-1.1605964159897308,6.1272963288326e-05,83
resume5,full_stock_day,2_mid,pi15_bp,17608,214,84,18.491767975971914,21.563268781283426,-3.0715008053115174,-3.219814270873428,-7.810853278365922,1.3293604758146014,69.17878237164925,16.667681874320024,20.405866721766273,0.26256452754802845,-3.5937310903052393,-2.5492705203177954,3.0541203839661867e-19,83
resume5,full_stock_day,2_mid,pi60_bp,17608,214,84,30.320853330105905,24.682090860480162,5.638762469625738,4.241678849358932,-1.882052579177068,11.783420347594898,32.25806451612903,28.118654600810267,22.975598615989547,0.3827141474664441,4.877559423010955,6.399965516240521,7.013094533466425e-25,83
resume5,full_stock_day,2_mid,pi300_bp,17608,214,84,42.23683391316701,26.621966319473295,15.614867593693717,13.189501309579303,2.7607184975739134,26.178483634829355,19.0765561108587,40.350099909315944,24.385307032040846,0.6400054694927031,14.341922455780608,16.887812731606825,1.2806595363351034e-39,83
resume5,full_stock_day,2_mid,quoted_spread_bp,17608,214,84,39.52227919701849,25.40966225202115,14.112616944997338,11.074453003450607,5.607266299921396,19.407431628707304,2.930486142662426,36.48598378421981,24.343895534948878,0.821252665125363,12.47917842470133,15.746055465293347,4.5190780638369415e-29,83
resume5,full_stock_day,2_mid,depth_krw,17608,214,84,4904605.785917762,7371462.788755603,-2466857.002837843,-841477.3832021854,-2610405.6282478073,-885.131223195116,75.04543389368469,3264219.596143321,4251176.207392219,357891.8067842766,-3178689.4121859893,-1755024.5934896963,9.874997784576066e-10,83
resume5,full_stock_day,3_high,es_bp,16606,215,84,23.248533315654797,17.30467396469688,5.943859350957915,4.50002494927209,2.21629507161029,8.034261402462153,3.7155245092135374,22.356848736539686,17.295092779755027,0.3249906099768364,5.2974660987793944,6.5902526031364355,7.455631754550382e-31,83
resume5,full_stock_day,3_high,es_bp_v2,16606,215,84,22.188050943000587,18.10301533733738,4.085035605663209,2.6184405798370616,0.42062087523887115,6.190935335012183,20.04094905455859,20.888964739483015,17.82808782013608,0.3145685723926737,3.459371367067062,4.710699844259356,1.0836631892446332e-21,83
resume5,full_stock_day,3_high,rs15_bp,16606,215,84,2.5422381127881297,-0.6082151564346303,3.15045326922276,2.1325116872881607,-1.979118838764155,7.449344087842532,36.40852703841985,1.9548436337516,-0.617737270723347,0.3949999066387954,2.3648143417452516,3.936092196700268,7.268443874134221e-12,83
resume5,full_stock_day,3_high,rs60_bp,16606,215,84,-5.1648218316230485,-2.132370868098718,-3.0324509635243304,-2.82904194170026,-7.742379007559071,2.0281151317810195,65.31976394074431,-4.4960497257589225,-2.2947228949993885,0.305518090980888,-3.6401141586012127,-2.424787768447448,9.25136216254403e-16,83
resume5,full_stock_day,3_high,rs300_bp,16606,215,84,-8.013785107303569,-2.4453145178624314,-5.568470589441138,-4.458604492002131,-13.182146455803199,2.9864563004576405,65.59075033120558,-6.636174876159781,-1.9237196506528882,0.3723333304913421,-6.309026608607084,-4.827914570275192,2.8354481844534972e-25,83
resume5,full_stock_day,3_high,pi15_bp,16606,215,84,20.701975682184806,17.9048053022517,2.797170379933106,2.27861757244602,-1.342138711316447,6.327107978259512,33.554137058894376,19.609563633893107,17.34194246801023,0.2484472304827535,2.3030188310070003,3.2913219288592113,2.17645222705294e-18,83
resume5,full_stock_day,3_high,pi60_bp,16606,215,84,28.403547322898536,19.410434766356424,8.993112556542112,7.7271445454837,2.941605147062167,13.678758725215737,13.609538720944236,26.52030369021355,18.682965196846595,0.3833201688568378,8.230704157755909,9.755520955328315,2.199207239083911e-38,83
resume5,full_stock_day,3_high,pi300_bp,16606,215,84,31.25487446992169,19.698990766041344,11.555883703880342,9.586611546436115,1.7374505917910028,19.663823335886512,20.26978200650367,28.96548816431267,18.278602791092155,0.5278520294103517,10.506007247499316,12.605760160261369,3.117897854847962e-36,83
resume5,full_stock_day,3_high,quoted_spread_bp,16606,215,84,23.95035028006777,18.2075040064706,5.74284627359717,3.9530802772159532,1.8138603333203283,7.778672207117203,2.095628086233891,22.49238349423991,17.77275598978048,0.3886400144507413,4.969856915887951,6.5158356313063885,5.878014145213075e-25,83
resume5,full_stock_day,3_high,depth_krw,16606,215,84,71564234.32625045,116018295.03272822,-44454060.7064778,-6207029.616648671,-23484878.50667247,-1542955.904975805,90.13007346742141,12015667.052074911,20005444.704902075,18231694.825461827,-80716168.438749,-8191952.974206597,0.01689093774088474,83
resume5,full_stock_day,005930,es_bp,84,1,84,17.793312672233583,17.282085480695862,0.5112271915377176,0.5435770260034083,0.3102164081156049,0.7198354288537434,3.571428571428571,18.014927381799694,17.417007125768706,,,,,0
resume5,full_stock_day,005930,es_bp_v2,84,1,84,17.3098628387983,16.62593474403308,0.683928094765218,0.6148840592410707,0.12795314929977142,1.0407928184228172,15.476190476190476,17.450614393408983,16.798816506500557,,,,,0
resume5,full_stock_day,005930,rs15_bp,84,1,84,2.2457695670509246,1.443041975623896,0.8027275914270285,0.844928924773871,-0.3009699557324345,2.188527031256687,35.714285714285715,2.4316502112203597,1.6527243126785764,,,,,0
resume5,full_stock_day,005930,rs60_bp,84,1,84,-0.6516941919834656,0.8613120955121593,-1.513006287495625,-1.5083369873328238,-2.7252188061235665,-0.028452102977098492,75.0,-0.5562858901168497,0.9916319471199739,,,,,0
resume5,full_stock_day,005930,rs300_bp,84,1,84,-1.2370116001762674,0.5026562282719795,-1.7396678284482472,-1.8310459698253867,-3.3523430736561357,0.9329794849708364,69.04761904761905,-0.8685073513434687,0.9475346589293105,,,,,0
resume5,full_stock_day,005930,pi15_bp,84,1,84,15.547594788826395,15.83836070883295,-0.2907659200065565,-0.4603104531875939,-1.3811228136644527,0.7350641834091061,57.14285714285714,15.02374247236462,15.696705494795275,,,,,0
resume5,full_stock_day,005930,pi60_bp,84,1,84,18.444045485677833,16.418964871886534,2.0250806137912996,1.8756965279872961,0.531643363354374,3.2898397497841265,15.476190476190476,18.313300928591605,15.85888481823683,,,,,0
resume5,full_stock_day,005930,pi300_bp,84,1,84,19.025805828694676,16.77172136671889,2.254084461975783,2.361358878098077,-0.28945397351873403,3.9778416077088306,27.380952380952383,18.997228213564476,16.529402714772637,,,,,0
resume5,full_stock_day,005930,quoted_spread_bp,84,1,84,18.189934754086714,17.911942371442453,0.27799238264425846,0.23568479168042877,0.1711832279591916,0.36944272363643105,0.0,18.27181503983627,18.01228128443346,,,,,0
resume5,full_stock_day,005930,depth_krw,84,1,84,6088343831.56975,9624784394.387638,-3536440562.8178887,-3176719868.244985,-4142104629.37039,-2494666313.590068,100.0,5077484439.706851,8913733887.491743,,,,,0
resume5,full_stock_day,000660,es_bp,83,1,83,6.071942367179,5.820616138735736,0.25132622844326435,0.23061953190179896,0.06333983328009873,0.44909123949729457,20.481927710843372,6.1157080079798245,5.920170704745859,,,,,0
resume5,full_stock_day,000660,es_bp_v2,83,1,83,6.207418592152645,6.179241118538527,0.028177473614118643,-0.023341242550246832,-0.22732670086416995,0.2853407867207496,51.80722891566265,6.1635777827347855,6.184939300605977,,,,,0
resume5,full_stock_day,000660,rs15_bp,83,1,83,-5.021449491296181,-0.808681135663386,-4.212768355632795,-4.047826415482952,-5.400536964188765,-2.858394934253515,100.0,-5.115671562682243,-0.7044424192375415,,,,,0
resume5,full_stock_day,000660,rs60_bp,83,1,83,-5.408753807423255,-0.8661970139799802,-4.542556793443275,-4.661612991172783,-5.968118904451136,-3.1286201810619723,98.79518072289156,-5.393678106220714,-0.8944958427985892,,,,,0
resume5,full_stock_day,000660,rs300_bp,83,1,83,-6.071448714073083,-1.3509185262481678,-4.720530187824916,-4.9333208577294645,-7.826936433605596,-1.4934063805903173,83.13253012048193,-5.7660401890507,-0.897757482170579,,,,,0
resume5,full_stock_day,000660,pi15_bp,83,1,83,11.093336517735214,6.6290944809113626,4.46424203682385,4.355425010448864,3.052687677983711,5.654510454524041,0.0,10.763334943128445,6.54273040134599,,,,,0
resume5,full_stock_day,000660,pi60_bp,83,1,83,11.481370124628253,6.686128550193168,4.795241574435083,4.793405198081172,3.406013183794649,6.175823142677627,1.2048192771084338,11.466526119923275,6.733646943038293,,,,,0
resume5,full_stock_day,000660,pi300_bp,83,1,83,12.146022039762178,7.173523808922017,4.972498230840161,5.3255972514380066,1.7528711576077955,8.045164196013474,15.66265060240964,12.263419819088453,6.9389025481186195,,,,,0
resume5,full_stock_day,000660,quoted_spread_bp,83,1,83,5.936881912070258,5.540856142993488,0.3960257690767695,0.3692495238698461,0.214108717669502,0.5109856331468587,0.0,6.0625002463401385,5.536685650578321,,,,,0
resume5,full_stock_day,000660,depth_krw,83,1,83,1029593869.7394145,1745084220.924433,-715490351.1850182,-571948373.8614259,-836755905.3948038,-441080248.28510755,100.0,882751829.0733421,1625050888.1648235,,,,,0
unfiltered,common_minutes,ALL,es_bp,51891,644,84,37.6018447444826,23.977540120600477,13.624304623882113,8.75827488876746,3.700522706929582,17.832443541758376,5.875778073268967,33.01435195232902,21.884388189653357,0.6496929603348871,12.332091456313085,14.91651779145114,6.456360826286991e-35,83
unfiltered,common_minutes,ALL,es_bp_v2,51891,644,84,36.868526999008644,25.799034594456394,11.069492404552244,6.472843834692398,1.4948217280589855,15.54081899401054,16.072151240099437,31.66618929291386,23.02361346977649,0.6428813068472619,9.790827341806594,12.348157467297895,3.9693916369750783e-29,83
unfiltered,common_minutes,ALL,rs15_bp,51891,644,84,18.38726525893342,0.19969274498724557,18.187572513946172,12.620901442752906,2.9028794393135398,26.743109759892587,16.748569116031682,15.945360361695919,-0.011971006138633736,0.8724591018296219,16.452286450559306,19.922858577333038,9.774963385423214e-35,83
unfiltered,common_minutes,ALL,rs60_bp,51891,644,84,8.720531913284553,-2.866931920065367,11.58746383334992,5.670040092773391,-3.2587071182448577,20.466646980839162,34.50309302191131,4.820971933109625,-2.4205787160898207,0.850317099526266,9.896217321996977,13.278710344702864,7.0163342566397e-23,83
unfiltered,common_minutes,ALL,rs300_bp,51891,644,84,-1.6574933770403024,-4.083891856319545,2.4263984792792423,0.010678744754639702,-11.369575872725862,12.78209516314016,49.97398392784876,-3.525438204607963,-3.314915355653031,0.6627176828445447,1.1082796624905638,3.744517296067921,0.0004403116079340917,83
unfiltered,common_minutes,ALL,pi15_bp,51891,644,84,19.205178010707744,23.74758676565746,-4.542408754949718,-3.070181737675707,-10.082648982025603,2.8388287861329102,63.585207454086444,16.96655508340927,21.543302067517068,0.3164217646745159,-5.17175891845938,-3.9130585914400555,3.32602822932258e-24,83
unfiltered,common_minutes,ALL,pi60_bp,51891,644,84,28.861336483510456,26.758093514191398,2.1032429693190537,3.03312811955899,-5.241935959383559,10.695846615137873,39.44036538127999,26.137836394535086,24.08933646951551,0.3713670036839913,1.3646089353074338,2.8418770033306737,2.075408615190794e-07,83
unfiltered,common_minutes,ALL,pi300_bp,51891,644,84,39.29758941522584,27.936182623058787,11.361406792167056,9.682580420128104,-0.7637460405111902,22.2040476038345,26.59035285502303,35.18849593858738,25.04061874222072,0.4417031587226336,10.482876974691411,12.239936609642701,2.647086724189918e-41,83
unfiltered,common_minutes,ALL,quoted_spread_bp,51891,644,84,40.03871697802787,26.38433571038744,13.65438126764043,8.501010671391949,3.4133107804236307,17.69559567673804,3.925536220153784,34.60437498842441,23.650402592218327,0.7518722561142853,12.158937590399557,15.149824944881303,1.1937926558825747e-30,83
unfiltered,common_minutes,ALL,depth_krw,51891,644,84,25322441.44020247,44985104.72481111,-19662663.284608632,-1044003.8822222222,-4378134.695698574,-17999.853529598564,75.59307008922549,3476906.0865649623,4521507.542928116,6745119.08168922,-33078433.850580517,-6246892.718636747,0.004570110757690901,83
unfiltered,common_minutes,KOSDAQ,es_bp,23006,285,84,40.0629862665024,27.206837632824854,12.85614863367754,8.902997860321113,3.8300014424099156,17.47845229075473,7.124228462140311,36.60359046692784,24.582336424080914,0.7105272855078194,11.442938440085452,14.269358827269627,1.5244697334577377e-30,83
unfiltered,common_minutes,KOSDAQ,es_bp_v2,23006,285,84,39.61320059276482,29.52200577441284,10.091194818351978,6.480747264615737,1.4041617520220706,15.031111166722214,17.430235590715466,35.56946258365453,26.120117006260084,0.7055722098783251,8.68784007089468,11.494549565809276,4.150057698218277e-24,83
unfiltered,common_minutes,KOSDAQ,rs15_bp,23006,285,84,18.865125248711283,0.6177702396681715,18.247355009043112,13.510023620511154,4.011732173183717,27.045536316025807,14.826566982526298,16.469139001568387,0.38792657220393584,1.0133523565861926,16.231837928647455,20.26287208943877,2.0981047584013208e-30,83
unfiltered,common_minutes,KOSDAQ,rs60_bp,23006,285,84,7.340415113928752,-3.274616026082434,10.615031140011187,5.7924124496305645,-3.1882504100238074,19.39570073845292,33.482569764409284,3.867401551093351,-3.237174035791991,0.9949608382706446,8.63609404984151,12.593968230180863,3.1184937818058247e-17,83
unfiltered,common_minutes,KOSDAQ,rs300_bp,23006,285,84,-4.4551049004044785,-4.915714964151869,0.4606100637473905,-0.6472714805217263,-13.379060678541608,12.434507752630456,51.46918195253413,-5.509566692017042,-4.264844534949619,0.7244387913939784,-0.9802695555339371,1.901489683028718,0.5266453933900392,83
unfiltered,common_minutes,KOSDAQ,pi15_bp,23006,285,84,21.191379782773055,26.55247288287097,-5.361093100097915,-3.8726981601434556,-10.993856403652233,2.1170549104506557,67.02599321916021,19.141448712637178,23.43787906576444,0.4435878822647507,-6.243371556895579,-4.478814643300251,5.487357945218382e-20,83
unfiltered,common_minutes,KOSDAQ,pi60_bp,23006,285,84,32.704058901311676,30.38302262234154,2.3210362789701393,3.052777052306787,-5.298091160425586,11.277281153856496,39.876553942449796,29.681813070952337,27.326489313446896,0.506818220505002,1.3129952225257435,3.329077335414535,1.6216294934716767e-05,83
unfiltered,common_minutes,KOSDAQ,pi300_bp,23006,285,84,44.56205859047153,31.97761596673314,12.584442623738386,10.74800585634192,-0.9579179488344076,24.69144493882686,26.892984438842042,42.270121029467205,28.930912297686277,0.5531028826998975,11.48434323574935,13.684542011727423,1.998969002678931e-37,83
unfiltered,common_minutes,KOSDAQ,quoted_spread_bp,23006,285,84,42.88390774519447,30.364073187877846,12.519834557316628,8.237569630799685,3.27175695801456,16.710815414094206,6.076675649830479,38.82864189966566,27.767346253774186,0.8437264083371397,10.841696665662411,14.197972448970845,4.563851142182247e-25,83
unfiltered,common_minutes,KOSDAQ,depth_krw,23006,285,84,6129346.867190655,11600051.970168581,-5470705.102977924,-482706.89681990445,-1751937.253648804,166388.8673171607,68.00399895679388,2770349.255959226,3401904.491588277,3730905.4518763237,-12891325.990396172,1949915.7844403237,0.14633943646796302,83
unfiltered,common_minutes,KOSPI,es_bp,28885,359,84,35.64162241955313,21.405505550192522,14.23611686936061,8.657650317006729,3.613216297009319,18.135676764550766,4.8814263458542495,30.35475436919564,19.989919576075433,0.8163371529522322,12.61245510507592,15.859778633645298,1.7309752852176148e-29,83
unfiltered,common_minutes,KOSPI,es_bp_v2,28885,359,84,34.68248023778466,22.833804372331485,11.848675865453174,6.459733014970361,1.5578474482442637,15.916139630599965,14.990479487623334,29.063411484214466,20.908524877661073,0.8033834406111577,10.25077851401884,13.446573216887508,6.599438468375028e-25,83
unfiltered,common_minutes,KOSPI,rs15_bp,28885,359,84,18.006664707615105,-0.13329291686594397,18.13995762448105,11.845355270769005,2.1588584447701655,26.535193889569268,18.279383763198894,15.080921259472689,-0.3661835976710103,1.1121308104181225,15.927974172265795,20.351941076696303,1.2896067272092456e-27,83
unfiltered,common_minutes,KOSPI,rs60_bp,28885,359,84,9.819751822787046,-2.542224267545767,12.361976090332812,5.5305061048782544,-3.309753787163287,21.38921236598555,35.31590791068028,5.3435763710296085,-1.9756259640879072,1.1170361429287503,10.140236129045533,14.58371605162009,5.157577371722432e-18,83
unfiltered,common_minutes,KOSPI,rs300_bp,28885,359,84,0.5707167910925086,-3.42137074090357,3.9920875319960785,0.4482089659974555,-9.944948122215052,13.049706209570804,48.783105418037046,-2.115932654105979,-2.4054239408175224,0.9012572157442913,2.1995231782880342,5.784651885704123,2.8607319795690935e-05,83
unfiltered,common_minutes,KOSPI,pi15_bp,28885,359,84,17.623230357318974,21.513582610815362,-3.8903522534963897,-2.4010841901249034,-9.353813868552383,3.290484969222536,60.84472909814783,15.360639542501989,19.454744625914575,0.41777018514775155,-4.721280349111598,-3.059424157881181,1.5499110239053584e-14,83
unfiltered,common_minutes,KOSPI,pi60_bp,28885,359,84,25.80072814202058,23.870950738975818,1.9297774030447639,3.016488302113995,-5.190485192654812,10.259655963088626,39.09295482084127,22.726263326361103,21.670384896674435,0.49887137857235886,0.9375422955838048,2.922012510505723,0.00021718415739468356,83
unfiltered,common_minutes,KOSPI,pi300_bp,28885,359,84,35.10460420332686,24.717307237752493,10.38729696557436,8.977834003499272,-0.5981879171032212,20.296840917281084,26.349316254111134,30.76499218424845,22.343039506316252,0.5152054295259385,9.362574087719398,11.41201984342932,9.953352725745229e-34,83
unfiltered,common_minutes,KOSPI,quoted_spread_bp,28885,359,84,37.772611428800424,23.21459915483458,14.558012273965836,8.754536413746738,3.5110327591409707,18.583034352290866,2.2122208758871387,31.30942316118646,21.19417901505618,0.937841305655929,12.692683636829232,16.42334091110244,2.883739518493356e-26,83
unfiltered,common_minutes,KOSPI,depth_krw,28885,359,84,40609141.58722376,71575256.1415778,-30966114.55435404,-1962223.852325566,-9393409.778941687,-303522.3753101905,81.63752812878656,4481769.569377593,6341313.117007226,11671649.169988269,-54180555.321775526,-7751673.786932558,0.00955484905536616,83
unfiltered,common_minutes,1_low,es_bp,17673,215,84,52.111678263582725,30.402570715483506,21.70910754809922,15.878075197473507,7.0252898328849565,29.508182610630364,8.815707576529169,45.64588882977341,27.117439553835805,1.1802831487625665,19.361571835991978,24.05664326020646,5.109396471123395e-31,83
unfiltered,common_minutes,1_low,es_bp_v2,17673,215,84,51.76738468760698,33.24586655206816,18.521518135538823,13.251664435815627,4.091574019389981,26.809752107935125,15.271883664346744,44.388152834484394,28.986373369844614,1.1844052839022905,16.165783662430222,20.877252608647424,1.8239910673988627e-26,83
unfiltered,common_minutes,1_low,rs15_bp,17673,215,84,34.49990805499101,1.460166057346112,33.0397419976449,26.57404026830234,13.920288756783547,44.874909302039995,6.682510043569287,29.31632864491869,2.090488940079893,1.4216574687999515,30.212122471016173,35.86736152427363,4.351274326912917e-38,83
unfiltered,common_minutes,1_low,rs60_bp,17673,215,84,25.51616895339421,-2.590058964518901,28.10622791791311,21.842592553106712,8.32358565294689,40.78019205844306,12.714309964352402,21.54708980887117,-1.9207588909517324,1.4502166304677269,25.221805367371655,30.990650468454565,1.4965225276296822e-32,83
unfiltered,common_minutes,1_low,rs300_bp,17673,215,84,9.983185940629017,-4.172985514493707,14.156171455122726,10.129886940599828,-5.413945387524409,28.842730833782362,32.69959825722854,7.669844564618979,-3.577980241633049,1.2676034983051314,11.634959079784485,16.67738383046097,3.2749270278139603e-18,83
unfiltered,common_minutes,1_low,pi15_bp,17673,215,84,17.593206789679662,28.887024317625176,-11.293817527945516,-9.559778039310846,-18.161389147078893,-2.621259486053461,81.68392463079273,13.544768979456205,24.642551172180035,0.439868316021457,-12.168697917085572,-10.41893713880546,3.0242996623028027e-41,83
unfiltered,common_minutes,1_low,pi60_bp,17673,215,84,26.55186516580846,32.83229087598289,-6.280425710174431,-5.29762453178569,-15.46592174128159,3.9168902283784774,65.49538844565156,21.42269953681197,28.342046524748678,0.4961950779209973,-7.2673377632801754,-5.293513657068687,4.4987457998618175e-21,83
unfiltered,common_minutes,1_low,pi300_bp,17673,215,84,42.16386617748867,34.34444183125835,7.819424346230317,6.3120628182843745,-7.229646021730602,21.3858533559191,37.54314491031517,36.41319331237515,30.493437680705558,0.6159479832558806,6.594328580854366,9.044520111606268,3.818033166980682e-21,83
unfiltered,common_minutes,1_low,quoted_spread_bp,17673,215,84,57.041440405020346,34.137312605267766,22.904127799752587,16.68738072515488,7.980221806363446,30.139141564662665,5.177389237820404,49.435151171720335,30.766927324208005,1.355804761934438,20.20748665849503,25.600768941010145,1.3652064498821294e-28,83
unfiltered,common_minutes,1_low,depth_krw,17673,215,84,2675899.94197212,16527491.85836223,-13851591.916390112,-301491.05009095604,-1194822.9318889494,247633.0980485715,64.08080122220336,1664197.1380095421,2081890.0805865647,9644999.251398617,-33035107.50724151,5331923.674461288,0.15472026719384183,83
unfiltered,common_minutes,2_mid,es_bp,17609,214,84,36.41015857831475,23.588233898139713,12.821924680175037,10.25609749358905,5.211847706440626,17.629819222837355,4.730535521608268,33.82056933797796,22.678172221460617,0.6367522838828636,11.555449997597345,14.08839936275273,1.0845003889732847e-33,83
unfiltered,common_minutes,2_mid,es_bp_v2,17609,214,84,35.56703548095729,25.270521098982098,10.296514381975191,7.902974929894892,2.767497494417679,15.410687399220578,12.783235845306379,32.32059158264945,23.95074511038664,0.6416913927816633,9.02021601044788,11.572812753502502,3.635476186092406e-27,83
unfiltered,common_minutes,2_mid,rs15_bp,17609,214,84,17.343206245275653,-0.05922018074591898,17.40242642602157,14.997067420822091,7.199436345182939,25.202915338933884,8.075415980464536,16.051419763309895,0.1834353995649122,0.7897507655946243,15.83164391689132,18.97320893515182,1.963973200041849e-36,83
unfiltered,common_minutes,2_mid,rs60_bp,17609,214,84,5.305673946488589,-3.515161406317958,8.820835352806547,6.9387244081333215,-0.8965027848469944,17.10991205102421,27.593844057016298,4.729094635805708,-2.8656720229782575,0.7222250088252361,7.384358858016501,10.257311847596593,3.128488151882081e-20,83
unfiltered,common_minutes,2_mid,rs300_bp,17609,214,84,-6.651886342097738,-5.072300457272035,-1.579585884825703,-1.0979503200419094,-12.628232227596655,9.751935247191948,52.66057129876768,-5.634697115053751,-4.16833095879945,0.5513143651372103,-2.6761279833164178,-0.4830437863349879,0.005279001304731868,83
unfiltered,common_minutes,2_mid,pi15_bp,17609,214,84,19.059177993235526,23.619995251029923,-4.5608172577943975,-4.241502015708555,-9.482758667363397,0.5693098861840671,72.72417513771366,16.890458209394684,22.047952685708886,0.3005967443726553,-5.158692092403204,-3.9629424231855914,1.177372958675415e-25,83
unfiltered,common_minutes,2_mid,pi60_bp,17609,214,84,31.090455253070076,27.031266232503324,4.059189020566758,3.2268825534809693,-3.3182092260069957,10.913529196631679,37.07763075699926,28.40116346659385,25.14435699472262,0.4064626595470425,3.2507511385846604,4.867626902548856,6.995201648333331e-16,83
unfiltered,common_minutes,2_mid,pi300_bp,17609,214,84,43.11072799944817,28.555750302563904,14.554977696884269,12.31304829914881,1.8476798428926067,25.260074913548145,21.222102334033732,40.7051397515706,26.088446213219207,0.5948979629302759,13.371749575307815,15.738205818460722,1.0442280020649297e-39,83
unfiltered,common_minutes,2_mid,quoted_spread_bp,17609,214,84,38.29895569495303,26.108111807854584,12.190843887098445,9.644047696828991,4.716344373890902,16.723182728307563,3.90141404963371,35.72831283936233,25.021877443721003,0.7210477543727382,10.75670890406545,13.624978870131441,1.2954195209216461e-28,83
unfiltered,common_minutes,2_mid,depth_krw,17609,214,84,4965845.784619884,7311343.068816209,-2345497.284196325,-808326.4496433064,-2511513.19305476,39997.191597462166,73.67255380771196,3349597.5141376657,4301298.550481606,345018.97198657895,-3031726.1428750115,-1659268.4255176387,1.5060925448498318e-09,83
unfiltered,common_minutes,3_high,es_bp,16609,215,84,23.42592288988526,17.553657139562727,5.872265750322533,4.476357043270372,2.2090775250897465,7.973404679099211,3.9617075079776027,22.483606036142163,17.371418968418162,0.31942896137696897,5.236934393520616,6.507597107124449,5.288880028860511e-31,83
unfiltered,common_minutes,3_high,es_bp_v2,16609,215,84,22.395075991167566,18.435480675191787,3.9595953159757817,2.579224053575377,0.38700885284747244,6.080047262609725,20.410620747787345,21.02180936576567,18.030685381216983,0.3084248864774503,3.346150621567043,4.573040010384521,2.0530498343418347e-21,83
unfiltered,common_minutes,3_high,rs15_bp,16609,215,84,2.3493399796736094,-0.8670269335053156,3.2163669131789248,2.1363089853493324,-2.0396751930431707,7.608204930821921,36.65482569691132,1.9156830607174653,-0.8182079512337714,0.40784184130146306,2.405185894157733,4.027547932200116,1.0952269473548977e-11,83
unfiltered,common_minutes,3_high,rs60_bp,16609,215,84,-5.530600573472498,-2.4742835197974884,-3.0563170536750097,-2.824820089699683,-7.874202146232335,2.1421191311911247,65.01294478896983,-4.783952318172344,-2.5141304055794973,0.32079223485422254,-3.694359906592563,-2.4182742007574562,5.756939618599679e-15,83
unfiltered,common_minutes,3_high,rs300_bp,16609,215,84,-8.74879687872454,-2.9411716880322087,-5.807625190692332,-4.581719659249243,-13.563731697515195,3.0457959890822077,65.5066530194473,-7.023671094062828,-2.3644179270618153,0.3819504146193794,-6.567309203391505,-5.047941177993159,1.032079092252797e-25,83
unfiltered,common_minutes,3_high,pi15_bp,16609,215,84,21.075205206619444,18.414181932443586,2.6610232741758577,2.197183426376128,-1.544558990048209,6.3410558132513035,34.637846950448555,19.77352167300113,17.940093528350275,0.25899786571822675,2.145886936111097,3.1761596122406184,1.877542758756923e-16,83
unfiltered,common_minutes,3_high,pi60_bp,16609,215,84,28.955426084604554,20.005153037841488,8.950273046763066,7.671901406291624,2.7738200115634086,13.688513711865241,14.221205370582215,26.73308953451189,19.07729817165754,0.38217792447514287,8.190136526111186,9.710409567414946,2.5028867341484663e-38,83
unfiltered,common_minutes,3_high,pi300_bp,16609,215,84,32.2049729693807,20.46052892597187,11.744444043408826,9.699354327992054,1.6437581853832812,19.86388245617141,20.627370702631104,29.430302187248426,18.949902349672605,0.5266864460053913,10.696885885540706,12.792002201276947,8.43297201368552e-37,83
unfiltered,common_minutes,3_high,quoted_spread_bp,16609,215,84,23.791280365855368,18.42754517733194,5.3637351885234255,3.788899034234735,1.7566417258418614,7.284597784487563,2.6190619543620928,22.294842713592207,17.88082422368204,0.35799137338209713,4.651704745216765,6.075765631830086,2.5381782284500294e-25,83
unfiltered,common_minutes,3_high,depth_krw,16609,215,84,71001989.92580539,115207794.90418161,-44205804.97837625,-6132805.938636063,-23189957.25591746,-1487018.9854933992,89.87898127521223,12048171.143098637,19992764.70968326,18200840.166656863,-80406544.03525335,-8005065.921499148,0.017309277870076585,83
unfiltered,common_minutes,005930,es_bp,84,1,84,17.80562818794944,17.311741699415602,0.49388648853383466,0.5435770260034083,0.308373424135306,0.7198354288537434,4.761904761904762,18.014927381799694,17.417007125768706,,,,,0
unfiltered,common_minutes,005930,es_bp_v2,84,1,84,17.325216599149616,16.666193721846795,0.6590228773028273,0.6148840592410707,0.12795314929977142,1.0407928184228172,15.476190476190476,17.450614393408983,16.798816506500557,,,,,0
unfiltered,common_minutes,005930,rs15_bp,84,1,84,2.1476458403671295,1.495256307425054,0.6523895329420751,0.844928924773871,-0.5386070188607466,2.188527031256687,36.904761904761905,2.4316502112203597,1.5144057865070564,,,,,0
unfiltered,common_minutes,005930,rs60_bp,84,1,84,-0.8807451845108276,0.879533681594431,-1.7602788661052589,-1.538694506428615,-2.7788734359744947,-0.07096259775661173,76.19047619047619,-0.7427103363638006,0.9916319471199739,,,,,0
unfiltered,common_minutes,005930,rs300_bp,84,1,84,-1.2811094997429968,0.5083188241520508,-1.7894283238950477,-1.8783281143159138,-3.4998358523231072,1.0597106006449963,67.85714285714286,-0.988902619823649,0.722987790392583,,,,,0
unfiltered,common_minutes,005930,pi15_bp,84,1,84,15.658003095511052,15.815821908739807,-0.1578188132287545,-0.4603104531875939,-1.3902446653815579,0.7872470625277286,57.14285714285714,15.074477239443024,15.696705494795275,,,,,0
unfiltered,common_minutes,005930,pi60_bp,84,1,84,18.68573588829474,16.430802118100736,2.2549337701940044,1.9701097605750473,0.5303340914703463,3.3410536937200113,14.285714285714285,18.474234423298256,15.886916284403334,,,,,0
unfiltered,common_minutes,005930,pi300_bp,84,1,84,19.08459268914408,16.7976978035089,2.286894885635181,2.3719538681112633,-0.38898773218154137,4.110407488913655,28.57142857142857,18.778927295003694,16.311213910298505,,,,,0
unfiltered,common_minutes,005930,quoted_spread_bp,84,1,84,18.192291390450638,17.914970728868447,0.27732066158219026,0.23568479168042877,0.1711832279591916,0.36944272363643105,0.0,18.27181503983627,18.01228128443346,,,,,0
unfiltered,common_minutes,005930,depth_krw,84,1,84,6086261120.739412,9623347134.208889,-3537086013.4694753,-3176719868.244985,-4142104629.37039,-2501126353.5184965,100.0,5077484439.706851,8913733887.491743,,,,,0
unfiltered,common_minutes,000660,es_bp,83,1,83,6.0975835089708985,5.839364225269124,0.25821928370177527,0.25141190523923385,0.07267687950017665,0.4375968250549356,19.27710843373494,6.1157080079798245,5.920170704745859,,,,,0
unfiltered,common_minutes,000660,es_bp_v2,83,1,83,6.236470255540605,6.202671533424305,0.0337987221163018,-0.020023079091003204,-0.22732670086416995,0.2853407867207496,50.602409638554214,6.170433742000285,6.184939300605977,,,,,0
unfiltered,common_minutes,000660,rs15_bp,83,1,83,-5.058072321691304,-0.8452391921203356,-4.212833129570968,-4.047282608712177,-5.488159804678756,-2.858394934253515,100.0,-5.206919134375208,-0.7044424192375415,,,,,0
unfiltered,common_minutes,000660,rs60_bp,83,1,83,-5.468296766024775,-0.9402343298389304,-4.528062436185844,-4.385786423961916,-5.797290258998981,-3.1286201810619723,98.79518072289156,-5.53005032604605,-0.9045248266654113,,,,,0
unfiltered,common_minutes,000660,rs300_bp,83,1,83,-5.94276164477706,-1.3293009610468487,-4.613460683730213,-4.9333208577294645,-7.885891124044828,-1.4691805258099837,83.13253012048193,-5.7660401890507,-0.9986904056838971,,,,,0
unfiltered,common_minutes,000660,pi15_bp,83,1,83,11.155414479554867,6.684314175775987,4.471100303778881,4.238062131511126,3.052687677983711,5.765227369020886,0.0,10.867310502676622,6.577039315050251,,,,,0
unfiltered,common_minutes,000660,pi60_bp,83,1,83,11.566100196356427,6.778732980392626,4.787367215963799,4.76794523651484,3.406013183794649,6.080272243867995,1.2048192771084338,11.588682860491538,6.868873175538686,,,,,0
unfiltered,common_minutes,000660,pi300_bp,83,1,83,12.04211687074075,7.170110082020659,4.872006788720093,5.2600425956881045,1.7121819679723873,8.089903234794345,14.457831325301203,12.282687337875753,6.942177568831713,,,,,0
unfiltered,common_minutes,000660,quoted_spread_bp,83,1,83,5.94097271823623,5.546978440511293,0.39399427772493695,0.3521464966495076,0.20907329522478912,0.5112304237201415,0.0,6.0625002463401385,5.5734153896244445,,,,,0
unfiltered,common_minutes,000660,depth_krw,83,1,83,1030575313.7618724,1711259003.6488192,-680683689.8869463,-581325209.2309382,-836755905.3948038,-443035977.3983562,100.0,882751829.0733421,1625050888.1648235,,,,,0
unfiltered,full_stock_day,ALL,es_bp,51891,644,84,37.35296900656672,23.02422986766586,14.328739138900861,9.257156054408997,3.941716823937078,18.691728408312336,4.916074078356555,32.68006744942907,21.22716299874885,0.6782139553175021,12.979798859420836,15.677679418380887,3.831306216345598e-35,83
unfiltered,full_stock_day,ALL,es_bp_v2,51891,644,84,36.64197748395069,24.55218188068768,12.08979560326301,7.085679886431684,1.8190513022950476,16.65505970632323,14.291495635081228,31.434162715697873,22.312039550732827,0.6807438595299949,10.735823446056639,13.443767760469381,5.2322324399457826e-30,83
unfiltered,full_stock_day,ALL,rs15_bp,51891,644,84,18.354246893625405,1.2699948199265894,17.084252073698813,12.140800731205417,2.8964291259207497,25.238649711511698,16.56163881983388,15.975485987274137,0.7411255219488506,0.8222151918296959,15.448899126500542,18.719605020897085,1.2279701237361143e-34,83
unfiltered,full_stock_day,ALL,rs60_bp,51891,644,84,8.830333887640656,-1.630666168212849,10.461000055853503,5.320018106412932,-3.348565107981007,18.984110335880338,34.882734963673855,4.8204392087402885,-1.618635703744539,0.7968655526653051,8.87606652139516,12.045933590311847,5.896790410046242e-22,83
unfiltered,full_stock_day,ALL,rs300_bp,51891,644,84,-1.3986905952031494,-3.1621827076976743,1.7634921124945249,-0.27349923952035127,-11.448764682504418,11.935284400356126,50.675454317704414,-3.2787320245972222,-2.406251311217865,0.6398399575475249,0.49087617118351456,3.036108053805535,0.007188553448850252,83
unfiltered,full_stock_day,ALL,pi15_bp,51891,644,84,18.989486015666056,21.729775028495343,-2.740289012829281,-2.1475607239335694,-8.158941189089536,3.38064062653007,60.58276001618778,16.780817577541264,20.0686884812307,0.2589696701472924,-3.255369271037474,-2.2252087546210877,4.6350606725534875e-17,83
unfiltered,full_stock_day,ALL,pi60_bp,51891,644,84,28.50298802890731,24.58428947076145,3.918698558145855,3.8730761305595003,-3.5119463556167636,11.447287352821272,35.717176388969186,25.792348262215132,22.36923092884581,0.3324809424383491,3.257407335961245,4.5799897803304646,2.0643165093075366e-19,83
unfiltered,full_stock_day,ALL,pi300_bp,51891,644,84,38.78531732963399,26.07476135983993,12.710555969794054,10.46179552736982,0.3774946053665609,23.070304428424084,24.191092867741997,34.618614082233876,23.332676954905015,0.4593085822231396,11.797009673062952,13.624102266525156,1.145594477862811e-43,83
unfiltered,full_stock_day,ALL,quoted_spread_bp,51891,644,84,41.5701700875757,25.37928597359013,16.190884113985565,10.05070661482095,3.8952198583000133,21.21727370141672,3.114220192326222,35.63682283619502,22.95149066205752,0.8892060861537737,14.422288972338738,17.95947925563239,1.0024440881872412e-30,83
unfiltered,full_stock_day,ALL,depth_krw,51891,644,84,25467830.34386344,45776222.68727396,-20308392.343410518,-1112532.4751120228,-4529939.285360714,-59887.91352680512,76.9227804436222,3397037.582562562,4581756.269925769,6882793.899883077,-33997992.58551291,-6618792.101308126,0.004120893691607381,83
unfiltered,full_stock_day,KOSDAQ,es_bp,23006,285,84,39.770235746775654,26.268566105260305,13.501669641515349,9.341113452739126,4.0825405656830664,18.2285049245516,6.133182648004868,36.156408508310115,24.2507321309522,0.7448357103783898,12.020221370734536,14.983117912296162,1.3495221795374008e-30,83
unfiltered,full_stock_day,KOSDAQ,es_bp_v2,23006,285,84,39.34524632551848,28.29401360090482,11.051232724613666,7.038548856244228,1.7678868496222337,16.05784000145826,15.5785447274624,35.55365530537923,25.50978049114449,0.750206468206078,9.55910223252452,12.543363216702812,7.0908108860653165e-25,83
unfiltered,full_stock_day,KOSDAQ,rs15_bp,23006,285,84,18.81855400199716,1.5249757985475694,17.293578203449588,13.077587666658554,3.985050768060502,25.657092934558886,14.552725375988873,16.6415034158626,1.011997589960769,0.955087720157631,15.393947141516868,19.193209265382308,1.4535527088965192e-30,83
unfiltered,full_stock_day,KOSDAQ,rs60_bp,23006,285,84,7.488883337424493,-2.188360295101979,9.677243632526473,5.539248467108618,-3.205370194349359,18.248480960389543,33.65643745109971,3.9982757936859006,-2.2167953813245918,0.9300972294029626,7.8273176515916285,11.527169613461316,1.0367674434346424e-16,83
unfiltered,full_stock_day,KOSDAQ,rs300_bp,23006,285,84,-4.108674438280834,-4.171899580071202,0.0632251417903691,-0.7497795317831624,-13.410403008754331,11.783648637861008,51.812570633747725,-5.1147361159446625,-3.5213264332810654,0.7004494149348882,-1.3299405725623472,1.4563908561430854,0.9282951528166231,83
unfiltered,full_stock_day,KOSDAQ,pi15_bp,23006,285,84,20.945234525440153,24.7123532577085,-3.7671187322683495,-3.094793227942724,-9.36686884262474,2.6150974459129612,64.63531252716682,18.83028474846748,22.451201124281138,0.3749289103423117,-4.512837255364107,-3.021400209172592,5.292379474586895e-16,83
unfiltered,full_stock_day,KOSDAQ,pi60_bp,23006,285,84,32.262445554525925,28.37332091658098,3.8891246379449416,3.7750476177438337,-3.960485416124966,11.977747894642835,36.733895505520294,29.28054919500796,25.50172870017807,0.45390267655763583,2.9863304701579483,4.791918805731934,4.775911002040077e-13,83
unfiltered,full_stock_day,KOSDAQ,pi300_bp,23006,285,84,43.917716208857954,30.307931056342003,13.609785152515945,11.336814457429988,-0.03726165475564169,25.291944654180394,25.06737372859254,40.90845533124241,27.11167533553842,0.5814012088205717,12.453401532026607,14.766168773005283,2.585520930821722e-38,83
unfiltered,full_stock_day,KOSDAQ,quoted_spread_bp,23006,285,84,44.3922617014884,29.498521438729966,14.893740262758437,9.737952148151273,3.8667883398856144,19.973630211150954,4.885681996001043,39.691577085488944,27.228164366894152,0.9992798810359683,12.906212770239675,16.8812677552772,3.4911569643411274e-25,83
unfiltered,full_stock_day,KOSDAQ,depth_krw,23006,285,84,6235600.612065615,12715030.272962442,-6479429.660896828,-530429.7768704633,-1813523.0592468386,128435.30493950914,69.68182213335652,2710097.904040404,3415018.9355348675,4687801.039913408,-15803277.386747899,2844418.0649542417,0.1706219073920778,83
unfiltered,full_stock_day,KOSPI,es_bp,28885,359,84,35.42769157450002,20.44021742237945,14.987474152120564,9.175254475035196,3.8535821737141625,19.12240992001143,3.94668513069067,30.312182112242446,19.366415027248575,0.8513211518501468,13.29423062107823,16.680717683162896,9.304866222162409e-30,83
unfiltered,full_stock_day,KOSPI,es_bp_v2,28885,359,84,34.48890831417023,21.57192982753499,12.916978486635244,7.121827599166414,1.8603957171678545,17.149773271781825,13.266401246321621,29.051933413804136,20.151766477384484,0.851450556418752,11.223477575110584,14.610479398159905,1.186859968620615e-25,83
unfiltered,full_stock_day,KOSPI,rs15_bp,28885,359,84,17.98444078889282,1.066910437231271,16.91753035166155,11.31753777604868,2.1345318448106014,24.869840057123774,18.161675610178293,14.818265136281381,0.5213726229627725,1.0402983685097065,14.848418737313905,18.986641966009195,1.5596500477552559e-27,83
unfiltered,full_stock_day,KOSPI,rs60_bp,28885,359,84,9.898757337814553,-1.1864802210703413,11.085237558884897,5.104146580619688,-3.4365519123964248,19.564244872036774,35.8594426172754,5.3435763710296085,-0.9991847068508137,1.0418586495497935,9.013022608302748,13.157452509467046,3.5559315941258656e-17,83
unfiltered,full_stock_day,KOSPI,rs300_bp,28885,359,84,0.7597268634724679,-2.357974767042477,3.117701630514945,0.07487547594123711,-10.07571209763682,12.077298509803565,49.76977670070971,-2.115932654105979,-1.4907478727144978,0.8594301122818683,1.4083297033148852,4.827073557715005,0.0004928089776346575,83
unfiltered,full_stock_day,KOSPI,pi15_bp,28885,359,84,17.43179343419253,19.35424465836281,-1.92245122417028,-1.4308507548075227,-7.197171420163707,3.8706135126810075,57.355028561537125,15.179280568456294,18.08823948308086,0.3349538404518116,-2.5886609410441417,-1.2562415072964184,1.5071073239951771e-07,83
unfiltered,full_stock_day,KOSPI,pi60_bp,28885,359,84,25.50869757246342,21.56644431090256,3.942253261560853,3.9263131115863708,-3.1669793278004974,11.063686425020116,34.9073913796088,22.4999089041342,19.98098981087473,0.4346663600214136,3.077719353683124,4.806787169438582,4.737971955793787e-14,83
unfiltered,full_stock_day,KOSPI,pi300_bp,28885,359,84,34.69752198203396,22.70317396023021,11.994348021803756,9.936934443801537,0.634735419931534,21.40487910783315,23.493162541111303,30.45210510777065,20.92247377079455,0.5282514574011302,10.943677119213994,13.045018924393517,2.3159147760680374e-37,83
unfiltered,full_stock_day,KOSPI,quoted_spread_bp,28885,359,84,39.32246229219139,22.098443629432023,17.224018662759367,10.299729249284507,3.9152469931374565,22.272082572867962,1.7033062142980786,33.016023337127194,20.372387394928843,1.118504171413171,14.999358851860425,19.44867847365831,4.731124215857876e-26,83
unfiltered,full_stock_day,KOSPI,depth_krw,28885,359,84,40785700.42209576,72108429.46185075,-31322729.039754987,-2078867.9292929291,-9611892.293432612,-352601.57730520726,82.68997749697074,4304258.989191106,6516658.879142391,11693816.78630397,-54581260.30445075,-8064197.775059219,0.008911940779312202,83
unfiltered,full_stock_day,1_low,es_bp,17673,215,84,51.450265139528085,28.29300372730259,23.15726141222549,17.02672519153842,8.073576126602294,30.68829853994027,6.77304362586997,45.402137953579306,25.877808649347685,1.222235533068446,20.7262840950514,25.58823872939958,6.963206121661823e-32,83
unfiltered,full_stock_day,1_low,es_bp_v2,17673,215,84,51.14950630100213,30.465728610269558,20.683777690732573,14.798811162667143,5.57382575430762,28.690114792751025,11.71844055904487,44.19605774593174,27.476558510140407,1.2396214823885512,18.218220419620632,23.149334961844513,3.0274701724942162e-28,83
unfiltered,full_stock_day,1_low,rs15_bp,17673,215,84,34.34359418578505,3.4974883133124406,30.84610587247262,24.9164674069097,13.318448258355573,41.61112805735715,5.952583036270016,29.26485171738379,3.7817409916137796,1.3295638073764835,28.201656934424236,33.490554810521004,4.92829520149529e-38,83
unfiltered,full_stock_day,1_low,rs60_bp,17673,215,84,25.614564056104474,-0.2368107412018305,25.85137479730631,20.20346003153307,7.945584050593954,37.43917712497145,12.306908843999322,21.498718468588272,0.11698591841343925,1.3506428670371822,23.165000457388885,28.537749137223734,3.500249588514488e-32,83
unfiltered,full_stock_day,1_low,rs300_bp,17673,215,84,10.279369811132977,-2.5474512750949416,12.826821086227918,9.277358442257896,-5.191763878045297,26.73790701396685,33.316358286651955,7.8552317565010075,-1.8686997938211238,1.221304386855789,10.397695781420266,15.25594639103557,6.636253196108156e-17,83
unfiltered,full_stock_day,1_low,pi15_bp,17673,215,84,17.08848637913123,24.75273290639801,-7.66424652726678,-7.141042901267287,-14.169621555219885,-1.0041772630460137,78.15877326995982,13.28721567137936,21.306106183109215,0.35670513209802934,-8.373718688391829,-6.954774366141731,1.171347033931183e-35,83
unfiltered,full_stock_day,1_low,pi60_bp,17673,215,84,25.793281132213092,28.404194789700092,-2.6109136574869973,-2.898323399509529,-11.446107577112539,5.637527570081508,59.77479771402705,20.69111297430283,24.873144091064333,0.43587306179297425,-3.477847646655026,-1.7439796683189683,5.183983612238602e-08,83
unfiltered,full_stock_day,1_low,pi300_bp,17673,215,84,41.1945105149653,30.641081880870935,10.55342863409437,8.089143327888173,-4.1297541848472825,22.831917948166726,32.92593221298025,36.04049979703289,27.14147279772543,0.6603433281644034,9.240032313268363,11.866824954920377,4.678373392588087e-27,83
unfiltered,full_stock_day,1_low,quoted_spread_bp,17673,215,84,60.021077829475615,31.72315161652651,28.297926212949104,21.141919746002976,10.979141204540973,36.65580981884109,2.9876082159225934,51.36519829242704,29.031850742991317,1.6104698728961668,25.094766408574824,31.501086017323384,1.055346202541191e-29,83
unfiltered,full_stock_day,1_low,depth_krw,17673,215,84,2580404.7531804126,17928567.51311214,-15348162.759931728,-363232.262088128,-1298628.404808673,188368.19993993908,66.62139987551633,1589565.8804409532,1964238.7406606837,10428119.765443018,-36089273.55624754,5392948.036384083,0.1448550822145295,83
unfiltered,full_stock_day,2_mid,es_bp,17609,214,84,36.33500660288252,22.958344631578605,13.376661971303916,10.741009338042199,5.5347393571482115,18.38359096263993,4.071781475381907,33.851163882917135,22.138415475770394,0.6589062731812804,12.06612389504124,14.687200047566591,6.170497644454167e-34,83
unfiltered,full_stock_day,2_mid,es_bp_v2,17609,214,84,35.50450724016452,24.465113043116588,11.039394197047933,8.534504769024636,3.1999772370729502,16.25265121582785,11.346470554829917,32.34963487197942,23.38728795577891,0.668416571932639,9.709940519071356,12.36884787502451,5.827321506907256e-28,83
unfiltered,full_stock_day,2_mid,rs15_bp,17609,214,84,17.37992245730666,0.8741648669497063,16.50575759035695,14.298058215695146,6.9387969419603195,23.916652741938357,8.143562950763814,16.099158750704298,0.9331076014774141,0.7482165430003354,15.017584979467584,17.993930201246318,1.8131793336790294e-36,83
unfiltered,full_stock_day,2_mid,rs60_bp,17609,214,84,5.460730958116289,-2.424954564462007,7.885685522578297,6.317805694135455,-1.2479819380556372,15.83703345826369,28.650122096655117,4.754562096435852,-1.974255482479308,0.680023135492795,6.533146856494522,9.238224188662072,4.807169022272832e-19,83
unfiltered,full_stock_day,2_mid,rs300_bp,17609,214,84,-6.338926139855205,-4.15484248430709,-2.1840836555481133,-1.5349995486096821,-13.050673961394399,8.902817857749685,53.99511613379522,-5.368448992228608,-3.337724425411733,0.541186621863246,-3.2604820800029737,-1.107685231093253,0.00012058148947411982,83
unfiltered,full_stock_day,2_mid,pi15_bp,17609,214,84,18.947409911051643,22.06087942597861,-3.113469514926961,-3.2317094838868314,-7.9086901265143785,1.4547663582159984,68.6751093190982,16.758937058743363,20.54215453240668,0.2780103378924622,-3.666420895467975,-2.560518134385947,2.843164932465225e-18,83
unfiltered,full_stock_day,2_mid,pi60_bp,17609,214,84,30.859969212552357,25.321815468756782,5.538153743795578,4.281835168647845,-1.9876863798765925,12.085518072752063,32.313021750241354,27.97947833635302,23.037731997077262,0.4070487361993433,4.728550178923955,6.347757308667202,7.687982569339669e-23,83
unfiltered,full_stock_day,2_mid,pi300_bp,17609,214,84,42.72075557757325,27.01569908287809,15.705056494695164,13.344406925318129,2.8625935535702602,26.464657651167556,19.001646885115566,40.48980054837135,24.67236552414107,0.636621662726098,14.438841612344717,16.97127137704561,5.7081587387319755e-40,83
unfiltered,full_stock_day,2_mid,quoted_spread_bp,17609,214,84,39.57904114519639,25.568442959720272,14.010598185476118,11.009300340356553,5.508029651482136,19.33057868318805,3.350559373047873,36.48598378421981,24.24922197171106,0.8200972031089697,12.379457832658236,15.641738538294,6.605547907420288e-29,83
unfiltered,full_stock_day,2_mid,depth_krw,17609,214,84,4936182.253240061,7427876.55877096,-2491694.3055309,-855438.5515791741,-2642646.064636053,-2671.3230127359275,75.12067692657163,3268256.0293148877,4218096.937381562,357947.4863729386,-3203637.459341472,-1779751.1517203283,7.273648698839234e-10,83
unfiltered,full_stock_day,3_high,es_bp,16609,215,84,23.43182898661663,17.487781719125945,5.944047267490684,4.514200145607417,2.217639154385938,8.05190077230301,3.8352700343187425,22.483606036142163,17.371418968418162,0.32548517807570626,5.296670339254954,6.591424195726415,8.233795486454252e-31,83
unfiltered,full_stock_day,3_high,es_bp_v2,16609,215,84,22.411027802397353,18.352114676695198,4.058913125702158,2.633471438486403,0.4170923641171278,6.203928838386119,20.15172496839063,21.03604529060949,17.93255181074921,0.31608922448726606,3.4302243712502274,4.687601880154088,2.0273096140644803e-21,83
unfiltered,full_stock_day,3_high,rs15_bp,16609,215,84,2.373582452948612,-0.6805333796422117,3.0541158325908233,2.070101598028156,-2.0563274488350958,7.454701188596475,36.77524233849118,1.9444130400353685,-0.7044424192375415,0.3914205711270059,2.275596059486017,3.8326356056956294,1.6058478625596905e-11,83
unfiltered,full_stock_day,3_high,rs60_bp,16609,215,84,-5.456640751486719,-2.27170311155768,-3.1849376399290383,-2.8761741337671998,-7.9437619509367225,1.9929620174497593,65.51267385152629,-4.783952318172344,-2.337507617022374,0.30776632247046976,-3.797072477015222,-2.5728028028428547,1.338134224902846e-16,83
unfiltered,full_stock_day,3_high,rs300_bp,16609,215,84,-8.587188027643412,-2.763868697346233,-5.8233193302971795,-4.628915089195075,-13.642946360535936,3.080808438073924,65.62706966102715,-6.937927262400917,-2.165416878596243,0.37927875618927226,-6.577689521832504,-5.068949138761855,5.67828580206683e-26,83
unfiltered,full_stock_day,3_high,pi15_bp,16609,215,84,21.056876268097582,18.162121833754128,2.8947544343434566,2.3503381614633057,-1.2804815682829016,6.465666881753748,33.30122222891204,19.74741634238881,17.62938889377206,0.2533266821639169,2.3908978522742093,3.398611016412704,1.0235437369577486e-18,83
unfiltered,full_stock_day,3_high,pi60_bp,16609,215,84,28.8873921665719,19.737743501690336,9.149648664881566,7.83770338884886,2.96057870333588,13.910595199494447,13.727497140104763,26.677187039955726,18.972674894853665,0.38871291352956266,8.37651431383656,9.922783015926571,1.7342539034194418e-38,83
unfiltered,full_stock_day,3_high,pi300_bp,16609,215,84,32.04940286926172,20.218324793330215,11.831078075931506,9.784329956122477,1.7066784015184986,20.046799745661147,20.398579083629357,29.430302187248426,18.679994273933225,0.5362101643965341,10.764577625225687,12.897578526637325,1.7892747856058353e-36,83
unfiltered,full_stock_day,3_high,quoted_spread_bp,16609,215,84,24.048278162942065,18.428475998493486,5.619802164448581,3.879443690599423,1.750620287874126,7.643772688681853,2.998374375338672,22.49238349423991,17.77275598978048,0.38316020931518596,4.85771191875718,6.381892410139982,9.214967947130047e-25,83
unfiltered,full_stock_day,3_high,depth_krw,16609,215,84,71589286.40334493,116065080.34696274,-44475793.943617806,-6156981.613252424,-23515836.449064866,-1486579.104698101,89.79468962610633,12097166.27140975,20005444.704902075,18215884.39902524,-80706455.37359922,-8245132.513636395,0.016747437086872458,83
unfiltered,full_stock_day,005930,es_bp,84,1,84,17.820684782887337,17.311741699415602,0.5089430834717328,0.5435770260034083,0.308373424135306,0.7198354288537434,4.761904761904762,18.014927381799694,17.417007125768706,,,,,0
unfiltered,full_stock_day,005930,es_bp_v2,84,1,84,17.34069484526389,16.666193721846795,0.6745011234170968,0.6148840592410707,0.12795314929977142,1.0407928184228172,15.476190476190476,17.450614393408983,16.798816506500557,,,,,0
unfiltered,full_stock_day,005930,rs15_bp,84,1,84,2.1375594359818173,1.495256307425054,0.6423031285567625,0.844928924773871,-0.5386070188607466,2.1666824372946736,36.904761904761905,2.4316502112203597,1.5144057865070564,,,,,0
unfiltered,full_stock_day,005930,rs60_bp,84,1,84,-0.8785730800064917,0.879533681594431,-1.7581067616009232,-1.538694506428615,-2.7788734359744947,-0.07096259775661173,77.38095238095238,-0.7427103363638006,0.9916319471199739,,,,,0
unfiltered,full_stock_day,005930,rs300_bp,84,1,84,-1.4023623445247604,0.5083188241520508,-1.910681168676811,-1.9220168201974333,-3.7599128311798844,0.9329794849708364,69.04761904761905,-1.2457025146698077,0.722987790392583,,,,,0
unfiltered,full_stock_day,005930,pi15_bp,84,1,84,15.683162974687399,15.815821908739807,-0.1326589340524053,-0.4603104531875939,-1.3902446653815579,0.7872470625277286,57.14285714285714,15.074477239443024,15.696705494795275,,,,,0
unfiltered,full_stock_day,005930,pi60_bp,84,1,84,18.698670789005824,16.430802118100736,2.267868670905089,1.9701097605750473,0.5303340914703463,3.3410536937200113,14.285714285714285,18.474234423298256,15.886916284403334,,,,,0
unfiltered,full_stock_day,005930,pi300_bp,84,1,84,19.221100221805724,16.7976978035089,2.4234024182968223,2.377821079115355,-0.28945397351873403,4.365641881711898,27.380952380952383,18.997228213564476,16.311213910298505,,,,,0
unfiltered,full_stock_day,005930,quoted_spread_bp,84,1,84,18.19507933639807,17.920969841985247,0.27410949441281746,0.23568479168042877,0.1711832279591916,0.34804109442634523,0.0,18.27181503983627,18.01228128443346,,,,,0
unfiltered,full_stock_day,005930,depth_krw,84,1,84,6089755279.118358,9622664928.954336,-3532909649.8359766,-3176719868.244985,-4142104629.37039,-2469511177.1363215,100.0,5077484439.706851,8913733887.491743,,,,,0
unfiltered,full_stock_day,000660,es_bp,83,1,83,6.113025022496783,5.839364225269124,0.27366079722765857,0.25141190523923385,0.07267687950017665,0.49781046349137403,19.27710843373494,6.1157080079798245,5.920170704745859,,,,,0
unfiltered,full_stock_day,000660,es_bp_v2,83,1,83,6.254049901240564,6.202671533424305,0.05137836781626116,0.0004871523570635361,-0.19030168879057463,0.3548108685768687,49.39759036144578,6.176759682419225,6.184939300605977,,,,,0
unfiltered,full_stock_day,000660,rs15_bp,83,1,83,-5.058815505402623,-0.8452391921203356,-4.213576313282287,-3.933285305964312,-5.448482133146605,-2.858394934253515,100.0,-5.204092534528116,-0.7044424192375415,,,,,0
unfiltered,full_stock_day,000660,rs60_bp,83,1,83,-5.535469593525676,-0.9402343298389304,-4.595235263686746,-4.661612991172783,-5.968118904451136,-3.1286201810619723,98.79518072289156,-5.742435459304404,-0.9045248266654113,,,,,0
unfiltered,full_stock_day,000660,rs300_bp,83,1,83,-6.107895873673291,-1.3293009610468487,-4.778594912626444,-4.9333208577294645,-7.98170163719147,-1.4934063805903173,84.33734939759037,-5.908789609093063,-0.9986904056838971,,,,,0
unfiltered,full_stock_day,000660,pi15_bp,83,1,83,11.171604109805628,6.684314175775987,4.487289934029642,4.238062131511126,3.052687677983711,5.790234653981164,0.0,10.867310502676622,6.577039315050251,,,,,0
unfiltered,full_stock_day,000660,pi60_bp,83,1,83,11.648734289111635,6.778732980392626,4.870001308719006,4.793405198081172,3.406013183794649,6.175823142677627,1.2048192771084338,11.626713773319752,6.868873175538686,,,,,0
unfiltered,full_stock_day,000660,pi300_bp,83,1,83,12.222742732406877,7.170110082020659,5.05263265038622,5.2600425956881045,1.7528711576077955,8.265311587326481,14.457831325301203,12.433310188039611,6.942177568831713,,,,,0
unfiltered,full_stock_day,000660,quoted_spread_bp,83,1,83,5.938697092031091,5.546151632292767,0.392545459738323,0.3521464966495076,0.20907329522478912,0.5109856331468587,0.0,6.0625002463401385,5.548001315224166,,,,,0
unfiltered,full_stock_day,000660,depth_krw,83,1,83,1028583407.3982358,1747154970.2048352,-718571562.806599,-581325209.2309382,-836755905.3948038,-441080248.28510755,100.0,882751829.0733421,1602467079.075586,,,,,0
